anchor_id,anchor_source,anchor_name,address,lat,lng,store_type,open_year,open_years,catchment_side_m,store_area_sqft,store_area_m2,seats,is_inside_sc,biz_zone,location_type,prefecture_en,prefecture_jp,municipality_en,municipality_jp,density_tier,shinkansen_served_municipality,starbucks_in_500m_sq_cnt,starbucks_cnt_1km,starbucks_cnt_3km,starbucks_cnt_5km,tullys_in_500m_sq_cnt,tullys_cnt_1km,tullys_cnt_3km,tullys_cnt_5km,tea_brands_in_500m_sq_cnt,tea_brands_cnt_1km,tea_brands_cnt_3km,tea_brands_cnt_5km,mister_donut_in_500m_sq_cnt,mister_donut_cnt_1km,mister_donut_cnt_3km,mister_donut_cnt_5km,competitors_in_500m_sq_cnt,competitors_cnt_1km,competitors_cnt_3km,competitors_cnt_5km,gongcha_in_500m_sq_cnt,gongcha_cnt_1km,gongcha_cnt_3km,gongcha_cnt_5km,nearest_gongcha_id,nearest_gongcha_dist_km,gongcha_inside_sc_in_500m_sq_cnt,gongcha_inside_sc_cnt_1km,gongcha_inside_sc_cnt_3km,gongcha_inside_sc_cnt_5km,gongcha_outside_sc_in_500m_sq_cnt,gongcha_outside_sc_cnt_1km,gongcha_outside_sc_cnt_3km,gongcha_outside_sc_cnt_5km,sc_in_500m_sq_cnt,sc_cnt_1km,sc_cnt_3km,sc_cnt_5km,sc_sales_floor_m2_sum_in_500m_sq,sc_sales_mn_jpy_sum_in_500m_sq,sc_sales_floor_m2_sum_1km,sc_sales_mn_jpy_sum_1km,sc_sales_floor_m2_sum_3km,sc_sales_mn_jpy_sum_3km,sc_sales_floor_m2_sum_5km,sc_sales_mn_jpy_sum_5km,stations_in_500m_sq_cnt,stations_cnt_1km,stations_cnt_3km,stations_cnt_5km,nearest_stations_id,nearest_stations_dist_km,stations_passengers_2019_sum_in_500m_sq,stations_passengers_2024_sum_in_500m_sq,stations_passengers_2019_sum_1km,stations_passengers_2024_sum_1km,stations_passengers_2019_sum_3km,stations_passengers_2024_sum_3km,stations_passengers_2019_sum_5km,stations_passengers_2024_sum_5km,shinkansen_in_500m_sq_cnt,shinkansen_cnt_1km,shinkansen_cnt_3km,shinkansen_cnt_5km,nearest_shinkansen_id,nearest_shinkansen_dist_km,schools_in_500m_sq_cnt,schools_cnt_1km,schools_cnt_3km,schools_cnt_5km,schools_university_in_500m_sq_cnt,schools_university_cnt_1km,schools_university_cnt_3km,schools_university_cnt_5km,schools_high_school_in_500m_sq_cnt,schools_high_school_cnt_1km,schools_high_school_cnt_3km,schools_high_school_cnt_5km,schools_vocational_in_500m_sq_cnt,schools_vocational_cnt_1km,schools_vocational_cnt_3km,schools_vocational_cnt_5km,pop_total_500m,pop_female_total_500m,households_total_500m,household_income_avg_500m,beverages_total_500m,beverages_tea_500m,beverages_tea_drinks_500m,pop_age_10_14_500m,pop_age_15_19_500m,pop_age_20_24_500m,pop_age_25_29_500m,pop_age_30_34_500m,female_10_14_500m,female_15_19_500m,female_20_24_500m,female_25_29_500m,female_30_34_500m,women_10_29_500m,foot_traffic_in_500m_sq_cnt,foot_traffic_cnt_1km,foot_traffic_cnt_3km,foot_traffic_cnt_5km,foot_traffic_pop_2019_all_alltime_sum_in_500m_sq,foot_traffic_pop_2019_all_nighttime_sum_in_500m_sq,foot_traffic_pop_2019_weekday_daytime_sum_in_500m_sq,foot_traffic_pop_2019_weekend_daytime_sum_in_500m_sq,foot_traffic_pop_2021_all_alltime_sum_in_500m_sq,foot_traffic_pop_2021_all_nighttime_sum_in_500m_sq,foot_traffic_pop_2021_weekday_daytime_sum_in_500m_sq,foot_traffic_pop_2021_weekend_daytime_sum_in_500m_sq,foot_traffic_pop_2019_all_alltime_sum_1km,foot_traffic_pop_2019_all_nighttime_sum_1km,foot_traffic_pop_2019_weekday_daytime_sum_1km,foot_traffic_pop_2019_weekend_daytime_sum_1km,foot_traffic_pop_2021_all_alltime_sum_1km,foot_traffic_pop_2021_all_nighttime_sum_1km,foot_traffic_pop_2021_weekday_daytime_sum_1km,foot_traffic_pop_2021_weekend_daytime_sum_1km,foot_traffic_pop_2019_all_alltime_sum_3km,foot_traffic_pop_2019_all_nighttime_sum_3km,foot_traffic_pop_2019_weekday_daytime_sum_3km,foot_traffic_pop_2019_weekend_daytime_sum_3km,foot_traffic_pop_2021_all_alltime_sum_3km,foot_traffic_pop_2021_all_nighttime_sum_3km,foot_traffic_pop_2021_weekday_daytime_sum_3km,foot_traffic_pop_2021_weekend_daytime_sum_3km,foot_traffic_pop_2019_all_alltime_sum_5km,foot_traffic_pop_2019_all_nighttime_sum_5km,foot_traffic_pop_2019_weekday_daytime_sum_5km,foot_traffic_pop_2019_weekend_daytime_sum_5km,foot_traffic_pop_2021_all_alltime_sum_5km,foot_traffic_pop_2021_all_nighttime_sum_5km,foot_traffic_pop_2021_weekday_daytime_sum_5km,foot_traffic_pop_2021_weekend_daytime_sum_5km
gc_1420,gongcha_existing,ekimo Namba,"ekimo Namba, 1-9-7, Namba, Chuo-ku, Osaka-shi",34.6673251,135.5007316,FC,2020.0,5.757700205338809,500,1154.377899948,107.24517003886905,16.0,1,Terminal,Terminal, Osaka,大阪府,Chuo-ku,中央区,low_density,1,3.0,20,43,84,2.0,8,16,42,0.0,0,1,3,1.0,2,9,22,6.0,30,69,151,0.0,2,5,9,gc_1564,0.4841710848082412,0.0,2,5,8,0.0,0,0,1,2.0,10,30,64,32447.0,34764.0,288225.0,154806.0,688625.41,255846.0,1171406.63,525858.0,3.0,11,66,140,stn_4989,0.13657631507481846,532059.0,501085.0,1214525.0,1138176.0,4267837.0,3996030.0,8493628.0,7915827.0,0.0,0,0,0,stn_5753,7.378613238965566,1.0,17,212,499,0.0,0,7,14,0.0,0,25,53,1.0,13,67,137,172,78,79.1,5715550,5762207,1059529,730365,3,4,4,17,5,2,2,3,6,1,13,0.0,4,28,69,0.0,0.0,0.0,0.0,0.0,0.0,0.0,0.0,305121.5,236844.75,129959.49999999999,140582.9166666667,252158.75,192229.5833333333,117422.25,122973.08333333334,951156.0,786110.3333333333,608252.0,611134.3333333333,830859.5833333334,694651.0,590520.9166666667,583642.4166666665,1917795.3333333333,1636980.0833333333,1320324.75,1322923.6666666665,1702551.0833333333,1470234.5,1282900.75,1269930.75
gc_1315,gongcha_existing,LUMINE Tachikawa,"1F, LUMINE Tachikawa, 2-1-1, Akebono-cho, Tachikawa-shi",35.6984488,139.4137607,DOS,2016.0,9.69199178644764,500,453.8641060044,42.16533704012677,,1,Urban SC,Commercial building, Tokyo,東京都,Tachikawa City,立川市,low_density,0,4.0,4,6,14,3.0,3,6,8,0.0,0,0,0,1.0,1,2,4,8.0,8,14,26,1.0,1,2,2,gc_1330,0.1194082133058026,1.0,1,2,2,0.0,0,0,0,4.0,8,10,17,59969.0,36970.0,113488.0,36970.0,179188.0,73570.0,306623.0,90031.0,2.0,3,15,32,stn_7568,0.047141955689183467,381175.0,352197.0,413541.0,384074.0,687314.0,635959.0,1096592.0,1012770.0,0.0,0,0,0,stn_5738,28.131188886220077,0.0,21,90,204,0.0,1,6,11,0.0,2,10,21,0.0,10,14,20,759,389,345.8,5384760,15169746,3468246,2107442,27,25,37,56,62,13,10,22,28,29,73,0.0,4,27,74,0.0,0.0,0.0,0.0,0.0,0.0,0.0,0.0,99312.83333333333,79752.08333333333,63929.833333333336,63431.08333333333,90299.08333333333,72721.66666666666,64917.83333333333,63513.33333333333,273059.3333333333,250775.4166666667,235861.0,235172.0833333333,263560.9166666666,244699.25,234011.3333333333,233318.91666666666,598976.25,599483.0,603785.75,602884.1666666666,607610.0,606359.5833333333,606100.5,605948.0
gc_1377,gongcha_existing,Beans Asagaya,"1F, Beans Asagaya, 3-36-1,Asagayaminami, Suginami-ku",35.7048391,139.6364798,FC,2016.0,10.053388090349076,500,608.7371658732001,56.5535089211179,22.0,1,Terminal,Terminal, Tokyo,東京都,Suginami-ku,杉並区,low_density,0,2.0,2,8,16,0.0,0,3,8,0.0,0,0,0,0.0,1,2,7,2.0,3,13,31,0.0,0,0,0,gc_1553,5.070369483580524,0.0,0,0,0,0.0,0,0,0,1.0,1,5,12,4337.0,0.0,4337.0,0.0,53490.0,22862.0,111146.47,22862.0,1.0,2,16,62,stn_7506,0.05658215272486558,92178.0,84048.0,120322.0,111741.0,1046185.0,1089867.0,2758202.0,2608816.0,0.0,0,0,0,stn_7687,12.161684779099648,1.0,16,145,386,0.0,0,8,18,0.0,3,16,46,0.0,2,21,44,2561,1330,1648.3,5897288,88685623,20430056,12578003,65,64,103,206,245,31,32,54,107,129,224,0.0,3,28,76,0.0,0.0,0.0,0.0,0.0,0.0,0.0,0.0,69968.91666666667,74374.16666666667,77803.25,77670.58333333334,74223.5,77132.66666666666,78658.75,78660.83333333333,467665.25,495104.6666666667,526389.75,523120.1666666667,488140.25,508560.5,523398.3333333333,522635.1666666666,1274411.6666666665,1333387.2499999998,1400212.75,1393118.333333333,1307758.8333333333,1351707.0833333335,1382736.25,1381190.5833333335
gc_1390,gongcha_existing,Sakae OASIS 21,"OASIS21, 1-11-1, higashi-sakura, higashi-ku, nagoya-shi",35.1705936,136.9092168,FC,2019.0,6.9486652977412735,500,1121.0371717818,104.14771637004456,21.0,1,Terminal,Terminal, Aichi,愛知県,Naka-ku,中区,low_density,1,2.0,10,36,50,0.0,4,6,10,0.0,0,0,0,0.0,1,5,11,2.0,15,47,71,1.0,2,4,6,gc_1389,0.1772745349416426,1.0,2,4,6,0.0,0,0,0,3.0,11,27,40,22306.8,0.0,133911.8,35971.0,399932.57,72725.0,611543.3799999999,80554.0,2.0,6,38,77,stn_9634,0.03588762292388957,261892.0,251068.0,426632.0,416099.0,2347192.0,2257548.0,3340032.0,3210072.0,0.0,0,1,1,stn_5746,2.560058678799646,1.0,24,181,387,0.0,0,9,26,0.0,0,9,31,1.0,17,82,113,121,55,68.4,5479532,3124296,740624,498239,3,2,4,11,14,1,1,2,5,7,9,0.0,4,27,75,0.0,0.0,0.0,0.0,0.0,0.0,0.0,0.0,189654.41666666666,137511.6666666667,86052.66666666666,88466.16666666666,161603.4166666667,113854.91666666666,81108.91666666667,79447.5,693554.4166666667,560381.1666666665,427730.8333333333,427367.0,610422.8333333334,494004.75000000006,419958.49999999994,410413.0833333334,1171040.4166666665,1041973.4166666666,916753.9166666666,913447.0833333335,1089418.3333333335,980572.75,916193.25,904492.75
gc_1364,gongcha_existing,atre Kichijyoji,"1F, atre Kichijoji, 1-1-24, Kichijojiminami-cho, Musashin-shi",35.7031625,139.57989,FC,2017.0,9.114305270362763,500,248.8007026596,23.11433167918482,,1,Urban SC,Commercial building, Tokyo,東京都,Musashino City,武蔵野市,low_density,0,5.0,7,8,20,1.0,1,3,6,0.0,2,2,2,0.0,1,1,4,6.0,11,14,32,1.0,1,1,1,gc_1553,0.04286661704311591,1.0,1,1,1,0.0,0,0,0,7.0,8,9,15,90152.0,41904.0,102123.0,41904.0,105463.0,48164.0,213107.71,63588.0,2.0,3,9,27,stn_7502,0.007540379754438803,434271.0,383705.0,441085.0,390362.0,870250.0,778292.0,1813556.0,1634810.0,0.0,0,0,0,stn_5737,16.620956515230663,2.0,15,123,303,0.0,0,5,17,0.0,1,15,39,2.0,5,11,16,896,466,522.1,6731565,32514733,7447595,4540122,26,30,40,59,63,15,15,20,31,31,81,1.0,2,28,75,60311.083333333336,41433.166666666664,22984.083333333332,23574.583333333332,48607.833333333336,32697.666666666668,20196.916666666668,20601.0,68681.58333333334,50248.08333333333,32247.916666666664,32877.5,57849.75,42309.66666666667,29928.583333333336,30383.583333333336,382981.9166666667,389012.4166666666,398387.16666666674,397284.8333333333,390258.3333333334,392475.3333333334,392811.0,393253.5,930422.75,972758.75,1016822.4166666665,1014192.5,970669.8333333333,998194.0833333333,1010251.3333333333,1012168.9166666666
gc_1371,gongcha_existing,Yokohama West,"B1F, Shinsoutetsu bldg., 1-5-1, Minamisaiwai, Nishi-ku, Yokohama-shi",35.4645328,139.6206407,FC,2018.0,7.906913073237509,500,404.74926988859994,37.6024214204606,,1,Urban SC,Commercial building, Kanagawa,神奈川県,Nishi-ku,西区,low_density,1,4.0,15,29,34,1.0,8,20,23,2.0,3,4,4,2.0,2,5,7,9.0,28,58,68,0.0,2,4,4,gc_1519,0.22132103235872455,0.0,2,4,4,0.0,0,0,0,2.0,10,26,31,111924.0,100037.0,286551.0,137575.0,546346.98,197962.0,630304.98,197962.0,3.0,11,33,59,stn_473,0.1061564416179375,1413256.0,1123720.0,2149946.0,1984183.0,3076616.0,2809470.0,3898168.0,3642317.0,0.0,0,0,1,stn_5738,4.767305919192854,0.0,32,116,256,0.0,3,7,8,0.0,2,7,25,0.0,21,32,44,310,168,142.4,6084270,7908460,2018364,1121925,7,6,9,27,33,4,3,5,14,17,26,0.0,3,27,76,0.0,0.0,0.0,0.0,0.0,0.0,0.0,0.0,171717.3333333333,117244.33333333333,70454.91666666667,69553.41666666667,137767.58333333334,96350.08333333334,71040.91666666667,69116.66666666667,607686.0,500813.6666666666,411281.1666666666,410781.0833333333,517484.0,446130.5,409321.6666666667,403684.1666666667,1017960.3333333333,935532.0833333334,871347.1666666667,868844.1666666666,937965.4848484849,887128.696969697,863879.5476190476,858160.0666666667
gc_1350,gongcha_existing,IKSPIARI,"2F, IKSPIARI Museum Lane, 1-4 Maihama, Urayasu-shi, Chiba",35.634694,139.8845524,DOS,2024.0,1.8809034907597533,500,698.0042767697998,64.84669132474471,24.0,1,Urban SC,Commercial building, Chiba,千葉県,Urayasu City,浦安市,low_density,0,3.0,3,5,9,0.0,1,1,2,0.0,0,1,1,0.0,0,1,5,3.0,4,8,17,0.0,0,0,1,gc_1342,3.096231865044008,0.0,0,0,1,0.0,0,0,0,1.0,1,5,12,28000.0,0.0,28000.0,0.0,97696.0,0.0,218360.0,11534.0,2.0,4,6,12,stn_8743,0.058573586036838696,205324.0,203531.0,272368.0,265494.0,314302.0,319395.0,794044.0,763747.0,0.0,0,0,0,stn_7687,11.732225928476929,0.0,2,44,112,0.0,0,1,4,0.0,0,4,7,0.0,0,0,14,14,8,5.2,7153846,394028,99594,62879,0,0,1,1,2,0,0,0,1,1,1,0.0,3,22,53,0.0,0.0,0.0,0.0,0.0,0.0,0.0,0.0,102663.58333333333,68007.91666666666,26997.083333333336,28997.666666666664,44133.41666666667,31215.583333333332,20790.0,21137.916666666668,236410.97222222222,201709.8888888889,155027.15,158481.75,165427.4166666667,153936.0833333333,143283.8333333333,144226.0,507835.55555555556,492583.1204906205,460843.88333333336,464220.18333333335,448122.03787878784,446164.6166666667,439578.1952380953,441001.31666666665
gc_1366,gongcha_existing,Shibuya Spain-Zaka,"1F, Inoue Bldg., 16-13 Udagawa-cho, Shibuya-ku",35.6612561,139.6989452,FC,2017.0,8.640657084188911,500,752.85515214,69.94250219926242,10.0,0,Roadside,Street-level (roadside), Tokyo,東京都,Shibuya-ku,渋谷区,low_density,0,5.0,20,64,132,1.0,6,15,67,0.0,0,3,7,0.0,0,4,7,6.0,26,86,213,1.0,2,3,9,gc_1496,0.21848749887148491,1.0,2,2,6,0.0,0,1,3,5.0,14,29,63,43598.0,54140.0,160058.75,69864.0,434063.38,130504.0,739005.63,335701.0,0.0,6,41,126,stn_605,0.3113253513127986,0.0,0.0,2827066.0,3014331.0,5555614.0,5624399.0,14735527.0,13325960.0,0.0,0,0,0,stn_5737,5.115897737409966,1.0,34,216,576,0.0,2,20,59,0.0,2,23,68,0.0,22,62,129,221,106,167.0,7250000,17580850,4080189,2543905,8,6,5,15,21,3,2,3,7,10,15,0.0,3,28,75,0.0,0.0,0.0,0.0,0.0,0.0,0.0,0.0,178572.5833333333,125365.16666666666,71725.0,71577.5,132072.25,94988.5,74177.5,70469.33333333334,926124.3333333335,722402.8333333333,551656.25,541831.6666666667,743871.1666666666,607457.5833333334,554691.75,534436.3333333334,2038294.25,1759852.25,1590046.8333333335,1556161.5833333335,1746903.0833333335,1563469.5,1566303.0833333333,1513473.2499999998
gc_1317,gongcha_existing,LUMINE  Ikebukuro,"8F, LUMINE Ikebukuro, 1-11-1, Nishiikebukuro, Toshima-ku",35.7289678,139.7096039,DOS,2018.0,8.11772758384668,500,366.0310049214,34.005378450212824,,1,Urban SC,Commercial building, Tokyo,東京都,Toshima-ku,豊島区,low_density,0,5.0,15,22,65,2.0,8,15,47,0.0,2,2,7,1.0,3,5,11,8.0,28,44,130,0.0,1,2,6,gc_1532,0.5742084405775254,0.0,1,1,4,0.0,0,1,2,2.0,7,10,35,104163.0,31446.0,206273.0,100902.0,232854.87,112315.0,526881.9099999999,313112.0,3.0,7,46,123,stn_4786,0.18274756265187023,2186356.0,1944512.0,2784199.0,2477508.0,4892224.0,4361888.0,12673642.0,11088140.0,0.0,0,0,0,stn_7685,6.361714991740053,2.0,54,304,734,0.0,3,27,64,0.0,4,36,84,1.0,30,87,187,512,232,362.9,5346514,19310299,4458845,2756162,13,14,33,58,55,6,8,20,16,15,50,0.0,4,27,75,0.0,0.0,0.0,0.0,0.0,0.0,0.0,0.0,240976.41666666666,179774.9166666667,115917.83333333334,117058.25,194569.8333333333,147360.3333333333,115165.66666666669,113049.0,704711.25,648057.8333333333,602091.0,598499.5833333334,656610.0833333333,619646.6666666667,607736.5833333334,600946.8333333333,1949680.5,1816375.0833333335,1718017.5,1700392.5833333333,1790410.7499999998,1700424.0833333335,1700565.5,1672206.0
gc_1324,gongcha_existing,LINKS MARCHE Eat&Walk,"LINKS MARCHE Eat&Walk, 1-1, Ofukacho, Kita-ku, Osaka-shi",34.7039559,135.4959793,DOS,2019.0,6.505133470225872,500,610.1711756868,56.68673273483078,,1,Urban SC,Commercial building, Osaka,大阪府,Kita-ku,北区,low_density,1,12.0,32,46,79,5.0,19,26,39,1.0,2,2,2,0.0,5,11,20,18.0,58,85,140,2.0,3,3,6,gc_1325,0.07468648293723355,2.0,2,2,5,0.0,1,1,1,4.0,21,30,58,187747.0,155600.0,379177.0,256872.0,477579.87,271656.0,929230.8700000001,439602.0,2.0,10,46,113,stn_4994,0.1809603812191566,1287667.0,1171724.0,2424273.0,2204434.0,4236890.0,3887583.0,7536119.0,7083901.0,0.0,0,0,2,stn_5753,3.325895006558999,0.0,38,196,441,0.0,5,7,10,0.0,1,17,38,0.0,28,83,125,30,13,24.1,5537344,1503679,277499,192490,0,0,0,1,1,0,0,0,0,0,0,1.0,4,27,75,206927.83333333334,127862.91666666667,40662.0,42139.666666666664,152400.08333333334,90995.66666666667,32097.833333333332,32725.75,387752.1666666667,269341.4166666667,127389.91666666666,130889.83333333334,298709.9166666667,200189.33333333334,107749.25,106632.66666666666,886838.5,715166.0833333333,550842.5833333333,544298.5833333334,758997.8333333334,617650.4166666666,525256.6666666667,510786.3333333334,1889405.3333333335,1648515.6666666665,1374657.8333333335,1374371.8333333333,1689628.3333333333,1494108.6666666667,1341530.9166666667,1326198.4166666665
gc_1372,gongcha_existing,Umeda Chayamachi,"1F, Espacion Umeda bldg., 12-6,Chayamachi, Kita-ku, Osaka-shi",34.7069334,135.4986427,FC,2018.0,7.734428473648186,500,670.0410854046,62.24882695734356,6.0,0,Roadside,Street-level (roadside), Osaka,大阪府,Kita-ku,北区,low_density,1,2.0,30,48,76,3.0,18,27,38,0.0,2,2,2,1.0,5,12,20,6.0,55,89,136,0.0,3,3,6,gc_1325,0.3420445791726925,0.0,3,3,6,0.0,0,0,0,3.0,18,30,55,47500.0,35309.0,350916.0,249188.0,479374.45999999996,271656.0,857938.8700000001,410297.0,1.0,10,48,112,stn_2240,0.15301408641359018,512887.0,451568.0,2424273.0,2204434.0,4504282.0,4165730.0,7466683.0,7016302.0,0.0,0,2,2,stn_5753,2.9768113833312153,5.0,34,197,429,3.0,5,7,11,0.0,1,17,35,2.0,20,78,122,270,131,155.8,6157574,8785430,1605072,1094081,5,5,9,16,17,2,4,3,6,11,15,0.0,4,27,72,0.0,0.0,0.0,0.0,0.0,0.0,0.0,0.0,347399.0,248755.1666666667,119235.75,124967.66666666666,281312.75,196491.0,107591.91666666666,108855.41666666666,836631.6666666666,689424.75,537411.0,533464.8333333334,720840.3333333334,599462.3333333334,512076.5833333334,500833.3333333333,1851714.7500000002,1608762.3333333333,1333560.4166666665,1333500.9166666665,1652249.3333333333,1455311.75,1301396.1666666667,1286534.4166666667
gc_1369,gongcha_existing,Tennoji MIO,"M2F, Tennoji MIO Plaza Bldg., 10-48 Hidenin-cho, Tennoji-ku, Osaka-shi",34.6476541,135.5140375,FC,2018.0,8.167008898015059,500,405.82477724880005,37.70233928074527,,1,Urban SC,Commercial building, Osaka,大阪府,Tennoji-ku,天王寺区,low_density,0,5.0,8,21,44,1.0,2,11,19,0.0,1,1,1,2.0,3,9,14,8.0,14,42,78,0.0,2,4,5,gc_1396,0.29113243353564466,0.0,2,4,5,0.0,0,0,0,3.0,9,17,32,43300.0,45136.0,265501.0,86256.0,493258.0,195009.0,731265.41,255846.0,3.0,9,62,126,stn_5005,0.16117822107751584,568923.0,521758.0,818504.0,756703.0,2995984.0,2801994.0,4937170.0,4663941.0,0.0,0,0,0,stn_5753,9.650947075232404,1.0,37,213,471,1.0,3,5,11,0.0,3,30,52,0.0,17,53,90,884,467,509.0,5962868,27992958,5098046,3455617,34,27,35,43,46,18,16,22,23,26,79,0.0,3,25,73,0.0,0.0,0.0,0.0,0.0,0.0,0.0,0.0,148884.58333333334,115610.83333333334,76516.91666666667,77755.66666666667,133321.25,101591.83333333334,73233.91666666667,72909.5,723320.6666666667,634132.0000000001,506175.6666666666,515559.5,666440.0833333333,587120.8333333333,498247.5833333334,501716.0833333334,1569980.1666666665,1438283.5833333333,1294684.3333333335,1296444.1666666667,1462766.8333333335,1360468.8333333335,1285809.9166666665,1277847.0833333335
gc_1346,gongcha_existing,OMIYA HIGASHIGUSHI,"1-94, 3-yasuna bldg., Daimon-cho, Omiya-ku, Saitama-shi, Saitama",35.9074472,139.6249928,DOS,2024.0,2.2258726899383983,500,1317.1380137916,122.36607289528102,51.0,1,Roadside,Street-level (roadside), Saitama,埼玉県,Omiya-ku,大宮区,low_density,1,3.0,5,11,14,1.0,5,5,5,2.0,2,3,3,0.0,1,3,3,6.0,13,22,25,0.0,1,1,1,gc_1322,0.3033895971281933,0.0,1,1,1,0.0,0,0,0,3.0,8,13,17,41712.0,42838.0,148969.0,50723.0,381872.0,93623.0,434442.36,93623.0,2.0,3,11,22,stn_8405,0.07489464763204264,652200.0,636084.0,700854.0,685073.0,974440.0,951767.0,1338221.0,1296988.0,1.0,1,1,1,stn_6949,0.21963670517947226,0.0,33,97,195,0.0,2,2,4,0.0,1,9,19,0.0,20,26,30,235,116,145.9,6286498,8272979,1893389,1269005,3,2,9,18,19,2,2,5,8,9,17,0.0,4,28,70,0.0,0.0,0.0,0.0,0.0,0.0,0.0,0.0,106621.75,85207.0,63478.25,62713.25,90829.33333333333,73159.75,64114.916666666664,62499.416666666664,353171.16666666674,316854.0,280217.8333333333,280291.8333333333,327681.1666666666,302419.25,284686.5,283982.75,637189.5,627636.7499999999,610727.25,611191.1666666667,635317.7500000002,628762.6666666666,614577.9166666667,616434.1666666667
gc_1461,gongcha_existing,YOKOHAMA PORTA,"B1F, YOKOHAMA PORTA, 2-16 Takashima, Nishi-ku, Yokohama-shi",35.4658593,139.623674,FC,2021.0,4.438056125941136,500,844.6317802103999,78.46882627688679,25.0,1,Urban SC,Commercial building, Kanagawa,神奈川県,Nishi-ku,西区,low_density,1,8.0,16,29,34,4.0,8,20,23,2.0,3,4,4,1.0,2,5,7,15.0,29,58,68,0.0,2,4,4,gc_1371,0.31180459840749164,0.0,2,4,4,0.0,0,0,0,5.0,10,26,32,107089.0,70875.0,286551.0,137575.0,546346.98,197962.0,643900.02,197962.0,5.0,11,34,58,stn_928,0.0660258257544591,1957665.0,1872816.0,2146667.0,1980969.0,3084391.0,2816466.0,3956343.0,3678085.0,0.0,0,0,1,stn_5738,4.644287529232674,0.0,34,113,251,0.0,3,7,9,0.0,2,7,25,0.0,20,32,45,4,1,3.8,6513158,219256,55446,30327,0,0,0,0,0,0,0,0,0,0,0,0.0,4,26,71,0.0,0.0,0.0,0.0,0.0,0.0,0.0,0.0,197561.0833333333,141160.16666666666,94486.33333333334,93114.66666666667,162387.5,119218.75,94070.08333333334,91775.16666666666,591982.8333333334,484970.8333333334,394248.3333333334,394130.75,501018.9166666667,428862.4166666667,390699.3333333334,385267.56666666665,987309.9166666665,899711.0833333335,831287.2500000001,828850.3333333334,902624.2348484849,848314.8636363635,823998.7976190473,817890.2333333334
gc_1483,gongcha_existing,Kyoto Kawaramachi Takoyakushi,"324-1, Shioyacho,Takoyakushi, Kawaramachicho, Nakagyo-ku, Kyoto-shi, Kyoto",35.0058183,135.769514,FC,2023.0,3.263518138261465,500,1004.5238744268,93.323281505873,14.0,0,Roadside,Street-level (roadside), Kyoto,京都府,Nakagyo-ku,中京区,low_density,0,3.0,13,26,36,0.0,5,9,9,0.0,0,0,0,0.0,0,3,7,3.0,18,38,52,0.0,0,4,5,gc_1336,1.3069803589786713,0.0,0,4,5,0.0,0,0,0,2.0,8,14,23,22475.0,0.0,109686.06,0.0,235136.1,31888.0,414278.1,31888.0,0.0,7,30,63,stn_2196,0.23903935197913637,0.0,0.0,412660.0,383976.0,1522105.0,1439073.0,1951596.0,1863727.0,0.0,0,1,1,stn_5748,2.541953341839863,0.0,19,153,341,0.0,2,14,29,0.0,0,18,40,0.0,10,47,75,398,230,205.0,5766098,10135526,1951484,1133748,10,13,15,11,18,5,7,8,6,11,26,1.0,2,27,77,80245.08333333333,62454.25,29055.75,33286.333333333336,69020.75,48310.916666666664,22088.083333333332,24278.416666666668,116243.25,93747.75,50941.25,56215.333333333336,101867.08333333334,76041.75,43309.75,45932.083333333336,528871.5833333333,450480.8333333334,347717.5833333334,356555.0833333334,468664.4166666666,401598.6666666666,336587.1666666667,338867.4166666666,968553.1803030303,883928.1045454545,787693.6468253968,794936.9611111111,908607.1212121212,841217.1136363635,782511.3068181819,783510.9888888889
gc_1403,gongcha_existing,The Park Front Hotel,"3F, THE PARK FRONT HOTEL AT UNIVERSAL STUDIOS JAPAN, 6-2-52, Shimaya, Konohana-ku, Osaka-shi",34.6677432,135.4371431,FC,2019.0,6.469541409993155,500,842.48076549,78.26899055631746,,1,Urban SC,Commercial building, Osaka,大阪府,Konohana-ku,此花区,low_density,0,1.0,1,3,5,1.0,1,1,3,0.0,0,0,0,0.0,0,1,4,2.0,2,5,12,0.0,0,0,0,gc_1563,5.65686037632057,0.0,0,0,0,0.0,0,0,0,1.0,1,5,15,9733.24,0.0,9733.24,0.0,37227.0,0.0,174692.41,0.0,1.0,3,9,41,stn_3844,0.1304830722347629,59992.0,70634.0,113994.0,128026.0,284098.0,301663.0,849420.0,878201.0,0.0,0,0,0,stn_5753,9.317289177207371,0.0,0,37,146,0.0,0,0,2,0.0,0,4,12,0.0,0,0,11,1235,653,509.9,4638949,31110546,5580788,3680525,119,125,58,23,24,61,59,30,13,15,163,0.0,4,28,70,0.0,0.0,0.0,0.0,0.0,0.0,0.0,0.0,69379.08333333333,49414.41666666667,23906.0,25330.583333333336,47024.25,33123.333333333336,20291.083333333336,20638.083333333336,202651.3333333333,184174.8333333333,163096.9166666667,163943.0833333333,175838.5,166269.6666666667,160417.75,159733.16666666666,471118.18333333335,434056.83333333326,399866.8666666667,399911.4015151515,414906.7515151515,401391.8472222222,398921.2132034631,396216.2808441558
gc_1375,gongcha_existing,ecute Akabane,"JR East Akabane Station ecute, 1-1-1, Akabane,Kita-ku",35.7788435,139.7207599,FC,2018.0,7.581108829568788,500,781.8938508653999,72.64028442694826,19.0,1,Terminal,Terminal, Tokyo,東京都,Kita-ku,北区,low_density,1,2.0,2,5,11,0.0,0,2,2,1.0,1,1,3,1.0,1,2,8,4.0,4,10,24,0.0,0,1,1,gc_1550,2.693510560271181,0.0,0,1,1,0.0,0,0,0,4.0,4,8,12,50927.0,4831.0,50927.0,4831.0,101631.0,4831.0,170806.79,4831.0,1.0,3,14,53,stn_7851,0.14254756781398958,194498.0,188334.0,294835.0,282369.0,834297.0,791364.0,1815063.0,1724936.0,0.0,0,0,0,stn_7685,8.899841835805956,3.0,27,127,355,0.0,2,7,14,0.0,2,11,32,1.0,3,14,37,1579,807,867.0,5668570,39415507,9014489,5480702,38,43,63,100,139,19,22,35,55,69,131,1.0,4,27,75,38801.5,35462.25,29008.666666666668,29009.916666666668,36321.166666666664,31989.583333333332,28431.333333333332,28089.416666666668,76617.33333333333,77980.41666666666,76072.83333333333,75804.58333333334,76632.25,75957.5,74241.16666666666,74037.91666666667,409565.0,429081.4166666667,450157.8333333333,447188.5,429739.0,442987.6666666666,455544.1666666667,453606.5833333334,1028353.5833333333,1094524.3333333335,1160691.3333333335,1155435.0833333335,1075573.0833333333,1121507.75,1160123.3333333333,1157269.0
gc_1368,gongcha_existing,AQUA CiTY Odaiba,"3F, AQUA CiTY ODAIBA, 1-7-1 Daiba, Minato-ku",35.6282177,139.7748244,FC,2018.0,8.19438740588638,500,1192.285949370516,110.76694155436904,30.0,1,Urban SC,Commercial building, Tokyo,東京都,Minato-ku,港区,low_density,1,1.0,2,7,56,0.0,2,9,44,0.0,0,0,1,0.0,1,1,5,1.0,5,17,106,0.0,0,0,2,gc_1329,3.442550176055574,0.0,0,0,1,0.0,0,0,1,2.0,3,7,35,71805.0,16960.0,119205.0,48360.0,180465.0,48360.0,596016.0,141410.0,0.0,5,17,78,stn_6379,0.31840835684479873,0.0,0.0,120774.0,84974.0,336443.0,305888.0,6978363.0,5525841.0,0.0,0,0,1,stn_5737,3.1433079875362746,0.0,3,32,184,0.0,0,4,19,0.0,0,2,22,0.0,0,0,17,121,58,53.4,9310861,9133930,2057505,1217451,6,5,9,9,6,3,2,4,4,3,13,0.0,3,29,73,0.0,0.0,0.0,0.0,0.0,0.0,0.0,0.0,46311.25,27574.25,11293.0,11890.083333333332,23479.833333333332,15555.5,9940.666666666668,9922.416666666666,268976.9166666666,206787.4166666667,184502.5,175669.75,187017.82575757575,161597.55454545456,170377.75,160463.41666666666,955889.5833333334,783925.0606060605,749131.7166666667,714134.946969697,757901.0833333334,664687.9116883117,710127.6196969697,671324.6688311687
gc_1457,gongcha_existing,S-PAL Sendai,"S-PAL Sendai Ⅱ, 1-1-1, Chuo, Aoba-ku, Sendai-shi",38.2613522,140.8819299,FC,2021.0,4.495550992470911,500,507.280971561,47.12792410093158,6.0,1,Suburbs SC,Commercial building, Miyagi,宮城県,Aoba-ku,青葉区,low_density,1,2.0,7,11,15,1.0,4,5,8,0.0,0,0,1,0.0,1,4,6,3.0,12,20,30,0.0,0,0,0,gc_1446,10.911575555240512,0.0,0,0,0,0.0,0,0,0,2.0,8,11,16,21125.0,20942.0,133498.0,63771.0,170568.0,63771.0,263703.4,63771.0,2.0,6,22,40,stn_7733,0.18582791694718306,342422.0,267943.0,430710.0,330342.0,607628.0,435207.0,800796.0,563591.0,1.0,1,1,1,stn_7677,0.08966071279046019,0.0,41,153,257,0.0,1,9,20,0.0,0,17,22,0.0,35,52,57,256,132,144.3,4532571,7368401,1809912,1180847,7,4,36,22,14,3,2,22,14,8,41,1.0,2,29,78,78696.33333333333,56516.416666666664,35510.083333333336,35844.166666666664,57200.333333333336,40642.666666666664,34106.083333333336,32147.75,108061.58333333333,85013.83333333333,64927.333333333336,64822.75,84094.16666666667,66503.5,61443.41666666667,58723.08333333333,389775.6666666667,366113.5,347478.0833333333,346506.9166666666,348937.5833333334,333984.99999999994,341379.58333333326,334780.0833333334,649256.9999999999,638572.5833333334,629195.0833333334,628439.3333333335,613214.5833333334,612604.8333333334,625160.5,619940.4166666667
gc_1392,gongcha_existing,Nihonbashi Takeda Global Headquarter,"1F, Takeda Global Headquarters, 2-1-1, Nihonbashihon-cho, Chuo-ku",35.6876785,139.7746277,FC,2018.0,7.887748117727583,500,486.48782926379994,45.196178802094806,,1,Roadside,Street-level (roadside), Tokyo,東京都,Chuo-ku,中央区,low_density,1,3.0,21,84,143,1.0,11,53,92,0.0,0,3,5,0.0,0,3,12,4.0,32,143,252,0.0,1,5,13,gc_1428,0.9401334488469069,0.0,1,4,12,0.0,0,1,1,2.0,9,51,84,22900.0,0.0,204477.58000000002,24122.0,663557.1599999999,168124.0,1224025.1600000001,364095.0,1.0,15,93,173,stn_7392,0.1537365921145281,38658.0,36522.0,1835467.0,1520547.0,11003954.0,8966580.0,17728562.0,14640043.0,0.0,2,3,3,stn_7687,0.9459574157280635,0.0,18,209,562,0.0,2,26,60,0.0,1,26,70,0.0,5,58,115,644,333,364.3,8805517,30430959,7001161,4300769,13,5,9,37,84,6,2,7,19,43,34,0.0,2,29,76,0.0,0.0,0.0,0.0,0.0,0.0,0.0,0.0,92775.0,67292.16666666667,70423.16666666666,62290.83333333333,68486.08333333333,51306.583333333336,72246.91666666666,61217.91666666667,1205755.1666666667,901839.5833333333,762396.0833333334,719863.5000000001,882630.3333333333,698264.0833333334,741926.8333333334,681048.0,2291050.4166666665,1877572.8333333335,1740411.0,1666067.9999999998,1834208.0,1590474.4166666667,1702014.9166666665,1602220.75
gc_1447,gongcha_existing,UTSUNOMIYA PASEO,"2F, UTSUNOMIYA PASEO, 1-23, Kawamukocho, Utsunomiya-shi",36.5595785,139.898254,FC,2021.0,5.070499657768652,500,516.6020353494,47.99387889006531,28.0,1,Suburbs SC,Commercial building, Tochigi,栃木県,Utsunomiya City,宇都宮市,low_density,1,1.0,1,6,9,1.0,2,5,6,0.0,0,0,0,0.0,0,2,3,2.0,3,13,18,0.0,0,0,0,gc_1488,39.70455989524078,0.0,0,0,0,0.0,0,0,0,3.0,3,6,7,40253.0,9354.0,40253.0,9354.0,149522.0,9354.0,176611.0,9354.0,2.0,4,9,13,stn_7794,0.04668986340980894,76648.0,82433.0,76648.0,84535.0,87457.0,99654.0,92531.0,104692.0,1.0,1,1,1,stn_7683,0.09108672391217514,0.0,21,73,126,0.0,1,3,3,0.0,0,4,12,0.0,15,26,35,265,145,30.0,5363333,1779710,449086,299571,3,7,3,8,23,2,5,0,3,10,10,0.0,4,27,74,0.0,0.0,0.0,0.0,0.0,0.0,0.0,0.0,48671.25,48816.41666666667,47900.08333333333,47615.83333333333,45088.91666666667,43368.91666666667,43507.91666666667,42703.75,189395.0,187675.3333333333,184873.41666666666,184240.41666666666,180400.25,176986.75,180545.16666666666,178088.66666666666,332876.9166666666,329295.5,326627.5,325443.8333333334,331059.0,326630.4166666666,327711.5833333334,325388.9166666667
gc_1436,gongcha_existing,iias TSUKUBA,"1F, iias TSUKUBA, Kenkyugakuen, Tsukuba-shi",36.0854577,140.0839199,FC,2020.0,5.426420260095825,500,931.0308714798,86.49556105308785,36.0,1,Suburbs SC,Shopping Center, Ibaraki,茨城県,Tsukuba City,つくば市,low_density,0,1.0,2,6,7,0.0,0,1,1,0.0,0,0,0,1.0,1,2,2,2.0,3,9,10,0.0,0,0,0,gc_1373,26.981724690415113,0.0,0,0,0,0.0,0,0,0,1.0,1,3,4,84765.88,37700.0,84765.88,37700.0,122109.43000000001,37700.0,127464.43000000001,37700.0,0.0,1,2,3,stn_2948,0.3946764638957211,0.0,0.0,14600.0,15919.0,50700.0,51509.0,57000.0,58642.0,0.0,0,0,0,stn_7684,35.54644584711725,0.0,0,21,46,0.0,0,1,3,0.0,0,1,2,0.0,0,3,5,123,54,110.4,5865942,8051936,1965808,1395206,9,11,9,3,6,4,4,3,2,3,13,0.0,3,27,75,0.0,0.0,0.0,0.0,0.0,0.0,0.0,0.0,26827.083333333332,21362.0,17259.833333333336,17296.0,24104.583333333336,19507.25,16077.083333333334,16155.916666666668,90088.25,75935.01515151514,68264.58333333334,67754.18333333333,85809.58333333333,73053.08333333334,67972.5,66973.01666666666,158127.1666666667,144508.76515151514,140415.12878787878,138953.68333333335,159109.40476190476,148222.89285714284,144981.16666666666,143555.01666666666
gc_1380,gongcha_existing,Shinjuku South East,"1F, Aun-bldg., 3-35-6, Shinjuku, Shinjuku-ku",35.6896979,139.7023121,FC,2019.0,7.312799452429843,500,461.39265752579996,42.8647620621194,,0,Roadside,Street-level (roadside), Tokyo,東京都,Shinjuku-ku,新宿区,low_density,0,6.0,23,49,140,3.0,18,32,73,3.0,4,5,10,0.0,1,4,11,12.0,46,90,234,1.0,1,4,11,gc_1516,0.22290705485696044,1.0,1,2,8,0.0,0,2,3,5.0,15,29,69,60831.0,109874.0,225359.25,175209.0,346927.4,183581.0,930899.87,440575.0,2.0,14,56,136,stn_7514,0.1626227879507786,1743979.0,1486078.0,4040806.0,3336140.0,7353798.0,6260269.0,17778445.0,16056853.0,0.0,0,0,0,stn_7687,6.003956310907959,0.0,48,261,731,0.0,8,25,83,0.0,1,19,79,0.0,34,109,216,158,68,110.1,6337421,6866226,1597336,999902,1,0,5,7,14,1,0,0,6,8,7,0.0,3,26,75,0.0,0.0,0.0,0.0,0.0,0.0,0.0,0.0,290326.5,214882.5833333333,120968.5,123205.5,210880.83333333334,153778.16666666666,117181.91666666667,112303.83333333334,876732.75,708872.3333333333,574808.6666666667,563261.9166666666,707610.25,597145.4166666667,572169.8333333334,549955.9166666666,2235346.25,1865143.0833333335,1607400.4166666667,1572608.4166666667,1882025.0833333335,1638546.5833333335,1602467.833333333,1546732.6666666667
gc_1322,gongcha_existing,ARCHE Omiya,"2F, Omiya ARCHE, 2-1-1, Sakuragi-cho, Omiya-ku, Saitama-shi",35.9061648,139.6220195,DOS,2019.0,6.8145106091718,500,1111.35760554,103.24845562748261,30.0,1,Urban SC,Commercial building, Saitama,埼玉県,Omiya-ku,大宮区,low_density,1,3.0,5,10,13,4.0,5,5,5,0.0,2,3,3,1.0,1,3,3,8.0,13,21,24,0.0,1,1,1,gc_1346,0.3033895971281933,0.0,1,1,1,0.0,0,0,0,4.0,8,13,16,107389.0,7885.0,148969.0,50723.0,381872.0,93623.0,424642.36,93623.0,3.0,3,10,21,stn_2399,0.18250689506856313,700854.0,685073.0,700854.0,685073.0,942898.0,921355.0,1317829.0,1278635.0,1.0,1,1,1,stn_6949,0.09389289751878786,1.0,31,96,195,0.0,2,2,4,0.0,1,8,20,0.0,18,26,29,150,74,80.8,6147896,4563706,1043224,697762,5,3,4,12,17,2,2,1,6,8,11,0.0,3,26,76,0.0,0.0,0.0,0.0,0.0,0.0,0.0,0.0,91557.91666666667,73013.75,53664.83333333333,52799.33333333333,77180.25,61308.333333333336,53506.0,51770.83333333333,336912.0833333333,299207.0833333333,261607.83333333334,261601.9166666667,310149.0,283798.0,266442.0,265396.0833333333,661566.9166666666,655409.5833333334,640574.0833333334,641323.0833333334,662581.2499999999,659497.75,645999.9166666667,648531.6944444444
gc_1395,gongcha_existing,Tokorozawa,"1-14-4, kusunokidai, Tokorozawa-shi",35.786696,139.473962,FC,2019.0,6.776180698151951,500,788.70539748,73.27309754208444,15.0,1,Terminal,Terminal, Saitama,埼玉県,Tokorozawa City,所沢市,low_density,0,2.0,2,3,5,1.0,2,4,6,0.0,0,0,0,1.0,1,2,4,4.0,5,9,15,0.0,0,0,0,gc_1333,6.8539067488426,0.0,0,0,0,0.0,0,0,0,2.0,3,4,8,47904.0,0.0,72401.0,0.0,80942.0,0.0,124541.0,0.0,1.0,1,6,17,stn_4815,0.04665016867421523,102368.0,109930.0,102368.0,109930.0,366392.0,357421.0,625819.0,598611.0,0.0,0,0,0,stn_6949,18.90251928609471,0.0,9,67,146,0.0,0,2,3,0.0,0,4,10,0.0,2,10,14,758,443,429.9,4808793,21838972,4966773,3292645,20,21,27,54,65,10,12,17,36,41,75,0.0,3,28,76,0.0,0.0,0.0,0.0,0.0,0.0,0.0,0.0,48761.08333333333,48756.25,47909.916666666664,47853.16666666667,51271.916666666664,49535.58333333333,47107.74999999999,47402.08333333333,210790.58333333334,224438.4166666667,234073.0,233918.83333333334,219908.5,227008.0,229474.0833333333,230139.1666666667,456167.9166666666,490540.9166666666,517069.25,517343.25,486849.25,508339.8333333334,516039.50000000006,518439.1666666667
gc_1347,gongcha_existing,LUCUA osaka,"B2F, LUCUA osaka, 3-1-1, Umeda, Kita-Ku, Osaka-shi, Osaka",34.7028866,135.4953236,DOS,2024.0,2.1738535249828885,500,173.87368989899997,16.153387412686794,,1,Urban SC,Commercial building, Osaka,大阪府,Kita-ku,北区,low_density,1,14.0,32,46,79,3.0,20,26,39,1.0,2,2,2,1.0,6,12,20,19.0,60,86,140,2.0,3,3,6,gc_1324,0.13315514707054865,2.0,2,2,5,0.0,1,1,1,3.0,21,30,58,143747.0,103700.0,379177.0,256872.0,477579.87,271656.0,929230.8700000001,439602.0,2.0,11,46,115,stn_4355,0.06585101632690576,1015102.0,914512.0,2429009.0,2207136.0,4236890.0,3887583.0,7588365.0,7137970.0,0.0,0,0,2,stn_5753,3.4510454334596887,0.0,39,194,450,0.0,5,7,10,0.0,1,17,39,0.0,29,84,126,0,0,0.0,0,0,0,0,0,0,0,0,0,0,0,0,0,0,0,1.0,2,28,75,206927.83333333334,127862.91666666667,40662.0,42139.666666666664,152400.08333333334,90995.66666666667,32097.833333333332,32725.75,274935.4166666667,174484.08333333334,73297.83333333333,72480.08333333333,199296.25,122244.25,58372.5,56454.0,897159.2499999999,728491.6666666667,566379.4166666666,559945.6666666667,772217.75,633229.25,542150.5833333333,527826.4166666667,1917310.2500000002,1669771.0,1390138.25,1389677.25,1715055.3333333333,1513498.6666666665,1356033.0833333335,1340563.7499999998
gc_1468,gongcha_existing,LaLaport FUKUOKA,"3F, 6-23-1 Naka, Hakata-ku, Fukuoka-shi",33.565704,130.4400938,FC,2022.0,4.0657084188911705,500,369.25752700199996,34.305132031066805,,1,Urban SC,Commercial building, Fukuoka,福岡県,Hakata-ku,博多区,low_density,1,1.0,1,3,33,1.0,1,4,12,0.0,0,0,3,1.0,2,2,9,3.0,4,9,57,0.0,0,0,5,gc_1511,3.227501383520957,0.0,0,0,5,0.0,0,0,0,1.0,3,5,30,73100.0,44400.0,93301.0,44400.0,103183.0,44400.0,704400.6100000001,197416.0,0.0,1,7,29,stn_1498,0.8472927524893172,0.0,0.0,17386.0,20254.0,152490.0,151679.0,1229834.0,1317000.0,0.0,0,0,2,stn_9973,3.1807699320770495,0.0,10,96,231,0.0,0,6,8,0.0,0,5,15,0.0,0,21,58,840,414,451.1,4149523,21642358,4451406,2224909,35,59,71,77,58,18,27,35,39,28,119,0.0,4,26,71,0.0,0.0,0.0,0.0,0.0,0.0,0.0,0.0,34824.916666666664,35649.0,36607.333333333336,36395.41666666667,35255.33333333333,35606.91666666667,36828.91666666667,36413.16666666667,245814.08333333337,255558.75,266656.5833333333,265237.0,238262.58333333334,248057.08333333334,261763.66666666672,259252.66666666666,910182.5833333333,856436.0,781464.9166666667,785861.25,849676.0833333334,804636.5833333333,767378.5,764616.75
gc_1513,gongcha_existing,AEON MALL MAKUHARI-SHINTOSHIN,"2F, AEON MALL MAKUHARI-SHINTOSHIN, 1-1 , Toyosuna, Mihama-ku, Chiba-shi, Chiba",35.6552385,140.0291967,FC,2024.0,2.0725530458590007,500,1097.017507404,101.91621749035382,42.0,1,Suburbs SC,Commercial building, Chiba,千葉県,Mihama-ku,美浜区,low_density,0,2.0,4,9,14,0.0,0,3,4,0.0,1,1,1,0.0,1,2,6,2.0,6,15,25,0.0,0,0,1,gc_1501,3.944574171928097,0.0,0,0,1,0.0,0,0,0,1.0,1,7,19,128000.0,0.0,128000.0,0.0,229393.0,21900.0,587852.0,84600.0,0.0,1,7,20,stn_10209,0.3773780166587713,0.0,0.0,0.0,14718.0,280978.0,258535.0,879695.0,808940.0,0.0,0,0,0,stn_7685,23.64206433188908,0.0,0,40,117,0.0,0,3,8,0.0,0,4,9,0.0,0,2,9,0,0,0.0,0,0,0,0,0,0,0,0,0,0,0,0,0,0,0,1.0,3,24,58,25839.5,13251.166666666666,3156.0833333333335,3440.4166666666665,18919.416666666668,9972.333333333334,3391.8333333333335,3701.75,35720.333333333336,23947.25,13808.75,14225.833333333334,30512.416666666668,22259.916666666668,15472.833333333334,15961.833333333334,230944.9212121212,200264.84523809527,173381.61111111112,173868.25,204988.1666666667,189842.3333333333,177251.5833333333,177754.66666666666,516179.6156565657,491278.277056277,466407.9444444444,467435.6111111111,500284.0,489586.9545454546,475577.65,477633.5833333333
gc_1323,gongcha_existing,SHIBUYA SCRAMBLE SQUARE,"1F, SHIBUYA SCRAMBLE SQUARE, 2-14-12, Shibuya, Shibuya-Ku",35.6581925,139.7025099,DOS,2019.0,6.546201232032854,500,466.41169187339995,43.33104541011448,,1,Roadside,Street-level (roadside), Tokyo,東京都,Shibuya-ku,渋谷区,low_density,0,6.0,21,59,137,3.0,6,14,76,0.0,0,2,7,0.0,1,3,8,9.0,28,78,228,0.0,2,3,9,gc_1366,0.4687920954621449,0.0,1,1,5,0.0,1,2,4,5.0,14,27,65,76538.0,0.0,160466.0,69864.0,342546.38,143867.0,752407.63,344930.0,3.0,5,38,134,stn_6861,0.07562713051965483,2343729.0,2610763.0,2715712.0,2908666.0,5285691.0,5365327.0,16926262.0,14987957.0,0.0,0,0,1,stn_5737,4.6479269407344965,1.0,40,225,551,1.0,4,17,54,0.0,4,25,64,0.0,21,58,123,264,104,220.0,7127955,23226552,5413412,3399223,4,4,6,26,40,2,2,1,11,11,16,0.0,4,27,74,0.0,0.0,0.0,0.0,0.0,0.0,0.0,0.0,213554.5,151407.5,91712.66666666666,90705.91666666666,161734.1666666667,118885.66666666666,96762.25,91794.58333333334,732164.5,586647.8333333333,477930.0833333334,468602.0833333333,606181.1666666666,511781.8333333333,482806.3333333333,466364.58333333326,2086372.1666666665,1777228.5,1611573.5,1564634.5833333335,1757553.5833333335,1554164.0,1576141.5,1510789.75
gc_1391,gongcha_existing,Urasoe PARCO CITY,"3F, Sane-Urazoe Nihsi-kaigan PARCO CITY, 3-1-1 and others, Irijima, Urasoe-shi",26.2617542,127.6981799,FC,2019.0,6.893908281998631,500,952.1825162304,88.46061230535285,,1,Suburbs SC,Shopping Center, Okinawa,沖縄県,Urasoe City,浦添市,low_density,0,1.0,1,1,6,1.0,1,1,2,0.0,0,0,0,1.0,1,1,6,3.0,3,3,14,0.0,0,0,1,gc_1430,4.067330301278815,0.0,0,0,1,0.0,0,0,0,1.0,1,3,11,60000.0,0.0,60000.0,0.0,73996.0,0.0,186157.0,0.0,0.0,0,0,10,stn_1,3.4921641884736356,0.0,0.0,0.0,0.0,0.0,0.0,41942.0,48125.0,0.0,0,0,0,stn_1375,653.1852540624762,0.0,0,41,125,0.0,0,0,0,0.0,0,5,13,0.0,0,6,31,0,0,0.0,0,0,0,0,0,0,0,0,0,0,0,0,0,0,0,0.0,3,16,42,0.0,0.0,0.0,0.0,0.0,0.0,0.0,0.0,8693.083333333334,4944.916666666667,1992.0833333333333,1965.9166666666667,9286.5,5600.916666666667,3401.25,3305.2500000000005,91263.95833333334,89094.79166666666,88023.0,87641.33333333334,89404.0,89197.58333333334,90985.33333333333,90338.08333333333,291241.125,298930.9583333333,299460.3611111111,300118.9166666666,285451.5,291093.48484848486,296456.5833333333,295277.07121212117
gc_1412,gongcha_existing,GOTEMBA PREMIUM OUTLETS,"Kiosk, GOTEMBA PREMIUM OUTLETS, 1312, Fukasawa, Gotemba-shi",35.3072157,138.9664225,FC,2020.0,5.963039014373717,500,556.7543101302,51.72414567402597,,1,Suburbs SC,Shopping Center, Shizuoka,静岡県,Gotemba City,御殿場市,low_density,0,1.0,3,3,4,3.0,3,3,3,0.0,0,0,0,0.0,0,1,1,4.0,6,7,8,0.0,0,0,0,gc_1398,23.166352352838334,0.0,0,0,0,0.0,0,0,0,1.0,1,1,1,61300.0,140900.0,61300.0,140900.0,61300.0,140900.0,61300.0,140900.0,0.0,0,0,3,stn_5584,3.032112527845813,0.0,0.0,0.0,0.0,0.0,0.0,11449.0,10298.0,0.0,0,0,0,stn_5739,18.01224932826893,0.0,0,8,24,0.0,0,0,0,0.0,0,2,4,0.0,0,0,2,0,0,0.0,0,0,0,0,0,0,0,0,0,0,0,0,0,0,0,0.0,3,24,73,0.0,0.0,0.0,0.0,0.0,0.0,0.0,0.0,24547.583333333336,13228.083333333332,4245.75,5409.916666666666,13098.75,6962.583333333333,2724.833333333333,3085.25,47147.083333333336,35087.0,24070.17424242424,25845.780303030304,33433.08333333333,27046.954545454548,21755.684343434343,22481.05238095238,90258.63412698414,78833.57619047619,67946.78333333333,69805.60454545454,78501.66645021646,72471.15714285715,67167.53434343434,67851.42175324676
gc_1489,gongcha_existing,LaLaport TOKYO-BAY,"1F, LaLaport TOKYO-BAY, 2-1-1 Hama-cho, Funabashi-shi",35.6872736,139.9877584,FC,2023.0,3.132101300479124,500,1374.1399038821999,127.66171949036801,36.0,1,Suburbs SC,Shopping Center, Chiba,千葉県,Funabashi City,船橋市,low_density,0,0.0,2,6,13,0.0,0,1,2,0.0,0,1,2,1.0,1,6,7,1.0,3,14,24,0.0,0,1,2,gc_1341,1.6165454596287236,0.0,0,1,2,0.0,0,0,0,0.0,3,12,19,0.0,0.0,161600.0,62700.0,334322.0,79436.0,433286.0,79436.0,0.0,3,13,27,stn_797,0.8127101033325607,0.0,0.0,71396.0,72081.0,854569.0,806632.0,1795508.0,1700148.0,0.0,0,0,0,stn_7685,19.21600791823657,0.0,5,50,120,0.0,0,2,3,0.0,0,4,8,0.0,3,10,15,0,0,0.0,0,0,0,0,0,0,0,0,0,0,0,0,0,0,0,0.0,2,29,67,0.0,0.0,0.0,0.0,0.0,0.0,0.0,0.0,36768.333333333336,24132.75,13704.5,14074.583333333334,28901.0,20362.416666666668,14449.916666666666,14648.583333333334,293541.6666666666,279274.2651515152,266022.4166666666,265340.8611111111,294242.9166666667,279375.2878787879,270419.4,269574.5,539339.4444444445,542514.7651515151,542323.1666666667,541411.9444444445,549043.0833333333,547382.2651515151,545651.6954545454,544896.8500000001
gc_1398,gongcha_existing,LaLaport Numazu,"1F, LaLaport NUMAZU, 301-3, Higashihara, Higashishiiji, Numazu-shi",35.1275922,138.8372252,FC,2019.0,6.628336755646817,500,778.3088263314,72.30722489266606,8.0,1,Suburbs SC,Shopping Center, Shizuoka,静岡県,Numazu City,沼津市,low_density,0,0.0,0,1,2,0.0,1,1,2,0.0,0,0,0,0.0,0,0,0,0.0,1,2,4,0.0,0,0,0,gc_1412,23.166352352838334,0.0,0,0,0,0.0,0,0,0,0.0,1,1,3,0.0,0.0,62000.0,32600.0,62000.0,32600.0,70930.0,32600.0,0.0,0,1,4,stn_5764,1.9596324485531575,0.0,0.0,0.0,0.0,4986.0,4433.0,53448.0,48608.0,0.0,0,0,0,stn_5740,6.590962489713178,1.0,3,30,72,0.0,0,0,0,0.0,0,4,10,0.0,0,3,8,777,388,322.0,4768012,18215666,5034588,2383357,28,29,29,39,33,14,13,13,16,15,56,0.0,4,26,65,0.0,0.0,0.0,0.0,0.0,0.0,0.0,0.0,15344.0,13376.0,12261.583333333332,12091.75,20060.833333333336,16382.499999999998,14087.0,14019.916666666668,74387.33333333333,71865.02272727274,70124.13636363637,69921.62878787878,78452.87878787878,72602.4015151515,69285.41666666667,68938.66666666666,175951.5833333333,169307.0227272727,164909.71969696967,164674.62121212122,170786.35606060608,163737.18484848487,160916.88333333333,160109.4111111111
gc_1387,gongcha_existing,CELEO Hachioji,"1F, CELEO Hachioji,1-1, Asahi-cho, Hachioji-shi",35.656069,139.3391247,FC,2019.0,7.006160164271047,500,408.3342944226,37.93548095474281,,1,Urban SC,Commercial building, Tokyo,東京都,Hachioji City,八王子市,low_density,0,3.0,4,4,8,1.0,1,2,2,0.0,0,0,0,1.0,2,2,6,5.0,7,8,16,0.0,0,0,0,gc_1561,6.966290354007709,0.0,0,0,0,0.0,0,0,0,4.0,4,7,14,58573.0,25820.0,58573.0,25820.0,74081.0,25820.0,197866.0,25820.0,1.0,2,10,16,stn_7517,0.06859282399029487,170006.0,154802.0,228130.0,202626.0,397093.0,355817.0,517581.0,459762.0,0.0,0,0,0,stn_5738,30.13165963133144,1.0,13,60,153,0.0,0,2,12,0.0,1,6,13,1.0,2,5,8,1736,913,867.6,5258587,36135054,8223939,4957165,51,59,98,90,108,20,31,52,53,59,156,0.0,3,27,75,0.0,0.0,0.0,0.0,0.0,0.0,0.0,0.0,62773.166666666664,59088.33333333334,55224.58333333333,54937.91666666667,62155.91666666667,57901.416666666664,54637.666666666664,54468.166666666664,228184.91666666666,234900.0,241858.0,240852.25,231610.8333333333,235558.91666666663,239650.16666666666,238979.4166666667,451231.0,470452.9166666667,489721.1666666666,488396.8333333334,461731.4166666667,474126.8333333334,481646.6666666666,481728.9166666666
gc_1405,gongcha_existing,Ueno　Matsuzakaya,"1F, Ueno Matsuzakaya, 3-29-5, Ueno, Taito-ku",35.7071962,139.7731517,FC,2019.0,6.403832991101985,500,389.33366439239995,36.170265423047134,,1,Urban SC,Commercial building, Tokyo,東京都,Taito-ku,台東区,low_density,1,1.0,8,60,123,0.0,4,34,78,0.0,0,1,4,0.0,1,3,11,1.0,13,98,216,0.0,2,8,11,gc_1327,0.7582252585688666,0.0,1,7,10,0.0,1,1,1,2.0,6,23,75,17100.0,9376.0,74999.0,42869.0,342794.58,84050.0,991921.1599999999,285801.0,3.0,16,82,183,stn_6100,0.06459110410262058,224950.0,186072.0,1749666.0,1541104.0,8929343.0,7484744.0,16449500.0,13814490.0,0.0,1,3,3,stn_7685,0.7803890257766267,1.0,23,283,637,0.0,0,32,63,0.0,2,40,77,0.0,9,73,125,716,323,443.2,6646886,23637916,5448866,3358377,13,13,17,47,80,5,5,8,19,38,37,0.0,4,26,73,0.0,0.0,0.0,0.0,0.0,0.0,0.0,0.0,200856.25,153531.8333333333,119101.75,117224.25000000001,146366.75,119977.5,117403.83333333334,111219.91666666667,950502.3333333334,768863.0833333333,684069.8333333333,659760.1666666666,734824.6666666667,633968.6666666667,671543.3333333333,632708.5833333334,2212183.0,1862121.3333333335,1735022.416666667,1675845.9166666665,1817601.8333333333,1615751.4166666667,1703667.5833333333,1622009.666666667
gc_1423,gongcha_existing,LaLaport AICHI TOGO,"1F, LaLaport AICHI TOGO, Togochuotochikukakuseirijigyo, Togocho, Aichi-gun",35.0987387,137.0469575,FC,2020.0,5.675564681724846,500,755.0061668603998,70.14233791983173,6.0,1,Suburbs SC,Shopping Center, Aichi,愛知県,Togo-cho,東郷町,low_density,0,2.0,2,3,6,0.0,0,0,1,0.0,0,0,0,0.0,0,1,3,2.0,2,4,10,0.0,0,0,0,gc_1437,8.275759685579704,0.0,0,0,0,0.0,0,0,0,1.0,1,2,7,62800.0,28900.0,62800.0,28900.0,103593.0,28900.0,196219.0,28900.0,0.0,0,1,6,stn_9706,2.191373380331638,0.0,0.0,0.0,0.0,10422.0,8800.0,82558.0,75472.0,0.0,0,0,0,stn_5749,14.473397817346635,0.0,4,25,65,0.0,0,0,1,0.0,0,2,4,0.0,0,0,1,24,13,10.0,6035000,520250,118726,74713,1,1,1,2,2,0,0,0,2,1,2,0.0,3,27,74,0.0,0.0,0.0,0.0,0.0,0.0,0.0,0.0,5370.0,4981.0,4997.25,4957.0,13794.75,9829.0,7119.916666666666,7249.333333333333,72426.25,79451.83333333334,85529.75,85420.58333333334,83500.66666666667,84528.75,84343.25000000001,84874.08333333333,206246.66666666666,211493.99999999997,218984.25,218210.16666666666,223311.5833333333,223139.66666666666,224492.6666666667,224377.1666666667
gc_1480,gongcha_existing,Hankyu Sannomiya,"1-31-29,Kitanagasadori, Chuo-ku, Kobe-shi, Hyogo",34.692942,135.192807,FC,2022.0,3.4989733059548254,500,1686.7540432469998,156.70451087977602,28.0,1,Terminal,Terminal, Hyōgo,兵庫県,Chuo-ku,中央区,low_density,1,2.0,10,14,14,1.0,3,4,7,0.0,1,2,3,1.0,2,5,7,4.0,16,25,31,0.0,1,1,1,gc_1479,0.4172365928771886,0.0,1,1,1,0.0,0,0,0,6.0,12,23,30,68365.0,14434.0,137548.0,17370.0,326202.0,20925.0,422862.9,24723.0,2.0,11,33,61,stn_2250,0.022995234919286636,229133.0,198993.0,802508.0,740466.0,1226887.0,1079044.0,1561457.0,1384219.0,0.0,0,1,1,stn_4036,1.628290135623993,0.0,28,111,197,0.0,2,6,9,0.0,1,11,22,0.0,19,35,39,23,16,10.2,4970588,624475,119671,67597,0,1,1,1,1,0,1,1,1,0,3,0.0,2,26,72,0.0,0.0,0.0,0.0,0.0,0.0,0.0,0.0,164403.75,118390.16666666667,59875.5,63189.33333333333,135313.0833333333,91692.08333333333,52281.33333333333,52542.666666666664,383278.5,310005.8333333333,228728.30000000002,232251.16666666666,335147.8333333333,274294.4166666667,223518.98787878786,222605.23333333334,579292.706060606,498486.43030303036,417843.1440476191,420311.7044011544,525974.3324675324,464716.8785714286,418955.47857142857,416661.65
gc_1374,gongcha_existing,LaLaport NAGOYA minato AQULS,"LaLaport Nagoya, 2-3-2, Komei, Minato-ku, Nagoya-shi",35.1087372,136.8825914,FC,2018.0,7.638603696098563,500,687.6077056211999,63.88081867532633,20.0,1,Suburbs SC,Shopping Center, Aichi,愛知県,Minato-ku,港区,low_density,1,2.0,2,2,12,0.0,0,0,2,0.0,0,1,1,1.0,1,1,6,3.0,3,4,21,0.0,0,0,1,gc_1498,4.260475930164629,0.0,0,0,1,0.0,0,0,0,1.0,2,6,14,59500.0,27200.0,71856.0,27200.0,144211.0,27200.0,298167.0,35029.0,0.0,3,14,40,stn_9405,0.3190439801533547,0.0,0.0,34502.0,30485.0,135115.0,124051.0,824388.0,784514.0,0.0,0,0,0,stn_5746,6.8680808983454105,0.0,10,59,161,0.0,0,4,7,0.0,0,2,8,0.0,2,8,23,189,87,86.2,5150232,4844572,1108243,700502,11,9,6,4,12,5,6,3,2,6,16,0.0,2,26,74,0.0,0.0,0.0,0.0,0.0,0.0,0.0,0.0,26355.166666666664,20083.833333333332,15339.416666666668,15358.083333333334,21952.583333333332,18263.916666666668,15676.166666666668,15696.0,182027.91666666666,172059.8333333333,170425.08333333334,169050.0,164044.5,161056.16666666666,165719.08333333334,163548.5833333333,494895.3333333334,480244.5833333334,474721.41515151516,471389.68333333335,485756.1666666666,477025.78787878784,479443.3787878788,475220.25
gc_1428,gongcha_existing,TOKYO STATION CITY GRANROOF FRONT,"TOKYO STATION CITY GRANROOF FRONT, 1-9-1, Marunouchi, Chiyoda-ku",35.6806559,139.7688312,FC,2020.0,5.475701574264202,500,1596.0529225368,148.27810466243633,41.0,1,Terminal,Commercial building, Tokyo,東京都,Chuo-ku,中央区,low_density,1,5.0,37,91,148,1.0,18,61,90,0.0,1,2,4,0.0,0,3,9,6.0,56,157,251,0.0,1,4,12,gc_1392,0.9401334488469069,0.0,1,3,10,0.0,0,1,2,4.0,28,53,83,85577.58,30675.0,396948.16000000003,91861.0,663347.1599999999,124925.0,1172289.1600000001,296549.0,2.0,17,90,165,stn_5736,0.09556547098355361,1122806.0,1063372.0,3294561.0,2795169.0,11152203.0,8987743.0,16773720.0,13711331.0,2.0,2,2,3,stn_7687,0.09556547098355361,1.0,9,206,532,0.0,2,30,62,0.0,0,29,72,0.0,2,54,106,22,12,8.3,9024096,846556,194843,119775,0,0,0,2,1,0,0,1,1,0,2,1.0,2,27,77,133930.83333333334,82447.25,46653.5,41585.416666666664,78588.5,47902.0,43174.916666666664,36758.833333333336,190520.75,118359.0,81338.91666666666,70684.08333333333,118230.16666666666,73936.66666666667,80817.41666666666,67288.75,1114401.5,813790.5833333334,696653.4166666667,647104.4166666666,802774.75,616615.0833333334,674403.3333333334,608676.8333333333,2276847.916666667,1826965.0,1672617.5,1594690.6666666665,1791941.9166666667,1523268.5833333333,1631544.5,1527229.333333333
gc_1331,gongcha_existing,Kyoto Station The CUBE,"Kyoto PORTA ,B2F, Kyoto Station The CUBE, 901, Higashishiokojicho, Karasuma-tori, Shimogyo-ku, Kyoto-shi",34.9858556,135.7587624,DOS,2021.0,5.338809034907597,500,1010.976918588,93.92278866758096,30.0,1,Urban SC,Commercial building, Kyoto,京都府,Shimogyo-ku,下京区,low_density,1,6.0,7,28,34,0.0,1,7,9,0.0,0,0,0,2.0,2,3,5,8.0,10,38,48,0.0,1,3,4,gc_1490,0.524333032626926,0.0,1,2,3,0.0,0,1,1,2.0,5,15,19,18120.0,31888.0,122120.0,31888.0,261744.1,31888.0,339192.1,31888.0,4.0,7,34,57,stn_4343,0.029159051805914684,675559.0,638631.0,704391.0,667877.0,1463408.0,1399968.0,1794847.0,1717102.0,1.0,1,1,1,stn_5748,0.13947796277190583,1.0,20,127,307,0.0,1,7,24,0.0,1,14,33,1.0,11,40,67,18,11,8.1,4641975,347015,68178,41024,0,1,1,1,1,0,0,1,1,1,2,0.0,3,27,74,0.0,0.0,0.0,0.0,0.0,0.0,0.0,0.0,113404.25,90386.08333333333,55297.833333333336,57657.25,93352.33333333333,73341.08333333333,50523.5,51590.99999999999,493324.1666666666,425761.6666666666,334413.75,342134.0,438720.6666666666,381473.0,321523.0,324298.5833333334,925008.3333333333,847334.9166666666,750748.0277777779,758399.611111111,859495.8,798742.4166666666,743406.1666666667,744075.5
gc_1472,gongcha_existing,LaLaport EBINA,"1F, LaLaport EBINA, 13-1, Ogi-cho, Ebina-shi",35.4555835,139.3891319,FC,2022.0,3.980835044490075,500,398.2962257274,37.00291425875264,,1,Suburbs SC,Shopping Center, Kanagawa,神奈川県,Ebina City,海老名市,low_density,0,1.0,5,8,9,1.0,1,2,2,0.0,0,0,0,1.0,1,2,2,3.0,7,12,13,0.0,0,0,0,gc_1362,9.534945470386365,0.0,0,0,0,0.0,0,0,0,1.0,5,8,13,51000.0,42100.0,169804.0,58608.0,223126.78,74323.0,300104.78,77466.0,1.0,3,9,13,stn_7342,0.15127076006641227,28254.0,28452.0,303837.0,275368.0,529141.0,471024.0,580824.0,519450.0,0.0,0,0,0,stn_5738,21.476215119128376,0.0,2,44,112,0.0,0,0,2,0.0,0,3,12,0.0,0,5,7,1802,915,683.0,5791728,38213861,9554218,5119445,107,33,32,43,149,62,20,18,19,83,119,0.0,3,27,74,0.0,0.0,0.0,0.0,0.0,0.0,0.0,0.0,46499.25,36656.5,28860.166666666668,28536.583333333332,43657.41666666667,37117.83333333333,32472.583333333332,32408.166666666668,185985.8333333333,183032.33333333337,177314.83333333334,177092.41666666663,191018.5,187246.0,181603.5,182042.0,393299.0833333334,397038.58333333326,398483.9166666667,397455.9166666666,403839.5,401543.0833333334,397600.5833333333,397668.8333333334
gc_1329,gongcha_existing,LaLaport Toyosu,"1F, LaLaport TOYOSU, 2-4-9, Toyosu, Koto-ku",35.6556632,139.7924528,DOS,2020.0,5.963039014373717,500,358.1439509466,33.27264747479198,,1,Suburbs SC,Shopping Center, Tokyo,東京都,Koto-ku,江東区,low_density,0,3.0,6,23,95,0.0,3,20,73,0.0,0,0,2,0.0,1,3,7,3.0,10,46,177,0.0,0,0,5,gc_1368,3.442550176055574,0.0,0,0,5,0.0,0,0,0,1.0,3,14,67,68000.0,52000.0,101309.0,52000.0,295430.0,53575.0,1130351.16,257900.0,0.0,3,30,108,stn_6200,0.32496300879566364,0.0,0.0,263555.0,256695.0,1843300.0,1600141.0,10917483.0,8945167.0,0.0,0,0,2,stn_7687,3.5941738601143203,0.0,14,86,235,0.0,1,7,15,0.0,3,7,26,0.0,0,8,31,533,284,190.6,7213799,12103084,2705969,1579146,35,42,32,18,16,18,22,16,11,9,67,1.0,2,28,76,34984.583333333336,25559.75,23053.75,21376.166666666668,29534.25,23105.333333333332,24320.333333333332,22473.25,46503.66666666667,37708.25,36960.25,34819.333333333336,42165.583333333336,36766.916666666664,39499.416666666664,37334.166666666664,524273.0,440604.25,426906.75,411349.0833333333,444184.9166666666,396497.0,418916.3333333334,400229.3333333334,1515688.3333333335,1210547.893939394,1127538.8333333335,1066968.4166666667,1195536.833333333,1012683.3283549785,1101897.1666666665,1025663.2142857142
gc_1325,gongcha_existing,LINKS UMEDA,"4F, LINKS UMEDA, 1-1, Ofukacho, Kita-ku, Osaka-shi",34.7046023,135.4962013,DOS,2019.0,6.505133470225872,500,1532.9564907383997,142.41625685906953,30.0,1,Urban SC,Commercial building, Osaka,大阪府,Kita-ku,北区,low_density,1,10.0,32,46,79,5.0,19,26,39,1.0,2,2,2,1.0,5,11,20,17.0,58,85,140,2.0,3,3,6,gc_1324,0.07468648293723355,2.0,2,2,5,0.0,1,1,1,5.0,21,30,57,190415.0,190909.0,379177.0,256872.0,477579.87,271656.0,921980.8700000001,439602.0,2.0,10,46,113,stn_4994,0.21259723385941476,955184.0,872286.0,2424273.0,2204434.0,4236890.0,3887583.0,7536119.0,7083901.0,0.0,0,0,2,stn_5753,3.252227466611711,0.0,41,196,440,0.0,5,7,10,0.0,1,18,38,0.0,28,79,124,39,18,33.2,5552711,2041262,376698,261288,0,0,0,1,2,0,0,0,0,0,0,0.0,3,27,75,0.0,0.0,0.0,0.0,0.0,0.0,0.0,0.0,319744.5833333334,222720.25,94754.08333333334,100549.41666666666,251813.75,168940.75,81474.58333333333,82904.41666666666,886838.5,715166.0833333333,550842.5833333333,544298.5833333334,758997.8333333334,617650.4166666666,525256.6666666667,510786.3333333334,1889405.3333333335,1648515.6666666665,1374657.8333333335,1374371.8333333333,1689628.3333333333,1494108.6666666667,1341530.9166666667,1326198.4166666665
gc_1498,gongcha_existing,ASUNAL KANAYAMA,"1F, ASUNAL KANAYAMA, 1-17-1, Kanayama, Naka-ku, Nagoya-shi, Aichi",35.1439772,136.9009805,FC,2023.0,2.6557152635181382,500,305.0855878434,28.34336636741539,,1,Urban SC,Commercial building, Aichi,愛知県,Naka-ku,中区,low_density,1,3.0,4,21,47,1.0,1,4,9,0.0,0,1,1,1.0,1,2,10,5.0,6,28,67,0.0,0,3,6,gc_1529,2.8179399912888106,0.0,0,3,6,0.0,0,0,0,1.0,1,22,41,8700.0,7829.0,8700.0,7829.0,249499.67,43800.0,650163.5700000001,107754.0,3.0,5,24,77,stn_5733,0.07677971206802733,478556.0,460811.0,501522.0,485587.0,1178164.0,1146225.0,3270466.0,3135500.0,0.0,0,0,1,stn_5746,3.4603093376997656,0.0,17,124,349,0.0,0,13,21,0.0,1,9,22,0.0,9,37,110,623,298,445.1,5432936,21782903,5101489,3362167,9,16,55,48,47,3,7,35,21,18,66,0.0,4,26,73,0.0,0.0,0.0,0.0,0.0,0.0,0.0,0.0,72737.08333333334,65080.25,54510.833333333336,54142.916666666664,72820.5,64125.33333333333,57387.33333333333,56512.58333333333,389846.6666666667,330979.1666666667,285807.5,284107.0833333333,363901.0833333334,317010.1666666666,288809.8333333333,285043.0833333334,1110525.4166666667,976707.3333333333,852452.3333333333,849165.25,1033914.75,920649.9166666667,856948.75,844448.5833333333
gc_1424,gongcha_existing,SAN STATION TERRACE OKAYAMA,"1F, SAN STATION TERRACE OKAYAMA, 1-1, Ekimotomachi, Kita-ku Okayama-shi",34.666086,133.9188068,FC,2020.0,5.670088980150582,500,516.9605378028,48.02718484349353,11.0,1,Terminal,Terminal, Okayama,岡山県,Kita-ku,北区,low_density,1,2.0,5,7,11,1.0,2,2,3,0.0,0,0,0,0.0,1,2,3,3.0,8,11,17,0.0,0,0,0,gc_1557,15.76220441807503,0.0,0,0,0,0.0,0,0,0,2.0,6,10,13,19960.0,20756.0,140899.37,20756.0,173889.37,20756.0,197491.12,20756.0,2.0,6,22,26,stn_502,0.102370570083194,145931.0,141387.0,147513.0,142521.0,174165.0,166435.0,194519.0,187087.0,1.0,1,1,1,stn_4040,0.0715359865832513,0.0,26,97,155,0.0,2,8,11,0.0,2,14,18,0.0,12,22,29,165,86,104.5,4476077,5239690,884204,557763,4,5,9,13,15,2,3,4,7,7,16,0.0,2,26,74,0.0,0.0,0.0,0.0,0.0,0.0,0.0,0.0,78387.75,64732.66666666667,42801.833333333336,44332.666666666664,71782.5,56655.83333333333,40408.583333333336,41049.5,268630.0833333333,245821.5,223161.9166666667,223066.41666666666,265848.1666666667,244726.4166666667,232371.1666666667,230686.25,436641.0833333334,414897.8333333334,395308.0,394471.24047619046,432547.50757575757,408644.53787878784,395822.0595238095,393556.2777777778
gc_1425,gongcha_existing,LaLaport SHONAN HIRATSUKA,"2F, LaLaport SHONAN HIRATSUKA, 10-1, Amanuma, Hiratsuka-shi",35.3364995,139.3552005,FC,2020.0,5.664613278576318,500,935.3329009206,86.8952324942265,30.0,1,Suburbs SC,Shopping Center, Kanagawa,神奈川県,Hiratsuka City,平塚市,low_density,0,1.0,1,2,5,1.0,2,2,3,0.0,0,0,0,1.0,1,1,2,3.0,4,5,10,0.0,0,0,0,gc_1360,8.326998088950049,0.0,0,0,0,0.0,0,0,0,1.0,3,5,12,60000.0,34200.0,95154.0,34200.0,120900.0,47996.0,220606.35,62748.0,0.0,0,1,6,stn_7653,1.1538476062224445,0.0,0.0,0.0,0.0,123614.0,113340.0,283640.0,257836.0,0.0,0,0,0,stn_5739,20.26320206428643,1.0,6,52,113,0.0,0,0,0,0.0,0,6,11,0.0,0,7,8,1514,747,650.8,5091656,32945906,8266885,4458928,74,104,87,62,55,33,50,37,33,25,153,1.0,2,28,67,15815.0,10694.083333333334,7142.916666666667,7257.666666666667,14770.916666666666,10878.916666666666,8730.833333333334,8717.583333333334,37151.91666666667,29434.75,24392.75,24257.333333333336,35322.916666666664,29518.583333333336,26267.75,26183.666666666664,183865.1666666667,180738.9166666667,179491.25,179216.25,192410.16666666666,189569.25,188531.0,188314.75,347988.25,351148.9166666666,353350.6666666666,353643.25,364906.25,365498.0833333333,363852.5833333333,364770.27777777775
gc_1499,gongcha_existing,AEON MALL KAKAMIGAHARA,"1F, AEON MALL KAKAMIGAHARA, 3-8, Naka Kayabacho, kakamigahara-shi, Gifu",35.3924558,136.8232036,FC,2023.0,2.598220396988364,500,1080.884897001,100.41744958608389,,1,Suburbs SC,Shopping Center, Gifu,岐阜県,Kakamigahara City,各務原市,low_density,0,1.0,1,1,2,0.0,0,0,0,0.0,0,0,0,1.0,1,1,1,2.0,2,2,3,0.0,0,0,0,gc_1572,10.321975227188785,0.0,0,0,0,0.0,0,0,0,1.0,1,2,3,77000.0,0.0,77000.0,0.0,81425.0,0.0,92176.0,0.0,0.0,1,9,14,stn_9504,0.7780241758821872,0.0,0.0,1547.0,1522.0,17420.0,16427.0,30989.0,30411.0,0.0,0,0,0,stn_5745,15.104593812050574,0.0,1,28,63,0.0,0,1,3,0.0,0,4,6,0.0,0,3,4,14,6,6.0,5483333,343080,77873,51951,0,1,0,1,0,0,0,0,0,0,0,0.0,4,26,72,0.0,0.0,0.0,0.0,0.0,0.0,0.0,0.0,23600.833333333332,16824.75,10357.75,10596.583333333332,22050.583333333332,16636.916666666664,12157.75,12293.5,75972.75,69141.5,62937.33333333333,63480.58333333333,78258.41666666666,73385.25,69829.5303030303,70106.11363636365,172026.83333333334,169226.1666666667,166911.5,167392.0,177420.25,175475.0833333333,171816.86363636362,172772.44696969696
gc_1494,gongcha_existing,LaLaport FUJIMI,"1F, LaLaport FUJIMI, 1-1313, Yamamuro, Fujimi Shi, Saitama",35.8588101,139.5486063,FC,2023.0,2.798083504449008,500,487.20483417059995,45.26279070895125,14.0,1,Suburbs SC,Commercial building, Saitama,埼玉県,Fujimi City,富士見市,low_density,0,2.0,2,3,8,0.0,0,1,2,0.0,0,0,2,1.0,1,1,4,3.0,3,5,16,0.0,0,0,1,gc_1333,4.316077966106155,0.0,0,0,1,0.0,0,0,0,1.0,1,3,11,80000.0,54500.0,80000.0,54500.0,92228.0,54500.0,234023.5,66697.0,0.0,0,3,6,stn_8330,1.6834270175945198,0.0,0.0,0.0,0.0,158199.0,147850.0,339589.0,313496.0,0.0,0,0,0,stn_6949,8.532970642537549,0.0,4,45,122,0.0,0,0,4,0.0,0,1,12,0.0,0,1,3,43,22,13.2,5564394,777068,172948,110263,2,2,2,2,2,1,1,1,1,1,4,0.0,4,28,72,0.0,0.0,0.0,0.0,0.0,0.0,0.0,0.0,27466.583333333332,21137.750000000004,15973.083333333334,16289.5,21839.416666666668,17353.416666666664,14330.833333333334,14484.416666666668,145765.41666666666,150848.0833333333,155270.1547619048,155599.91666666666,147607.0,151621.0,152146.8333333333,153090.16666666666,336866.33333333326,356052.0833333334,370645.65476190473,371660.9285714286,356105.08333333326,369129.9166666666,371489.64285714284,374323.61111111107
gc_1512,gongcha_existing,AEON MALL OTA,"1F, AEON MALL OTA, 81, Ishihara-cho, ota-shi, Gunma",36.29411,139.4005458,FC,2024.0,2.088980150581793,500,974.7681707946,90.55888737133073,24.0,1,Suburbs SC,Shopping Center, Gunma,群馬県,Ota City,太田市,low_density,0,2.0,2,4,5,0.0,0,0,0,0.0,0,0,0,1.0,1,1,1,3.0,3,5,6,0.0,0,0,0,gc_1452,15.822882712698547,0.0,0,0,0,0.0,0,0,0,1.0,1,2,4,76000.0,0.0,76000.0,0.0,95235.0,0.0,136302.62,0.0,0.0,0,3,9,stn_8207,1.5705828005042863,0.0,0.0,0.0,0.0,14654.0,13354.0,22449.0,20319.0,0.0,0,0,0,stn_6950,17.219662152553063,0.0,4,38,79,0.0,0,1,2,0.0,1,4,8,0.0,0,8,11,0,0,0.0,0,0,0,0,0,0,0,0,0,0,0,0,0,0,0,0.0,4,27,75,0.0,0.0,0.0,0.0,0.0,0.0,0.0,0.0,17082.5,14060.5,12108.166666666668,11936.416666666668,15605.0,13131.833333333334,10192.833333333332,10470.916666666666,76184.58333333334,74347.16666666666,73955.5,73386.75,72775.99242424243,70106.75,68796.48333333334,68560.08030303029,173789.93181818182,169824.58333333337,169994.8333333333,168685.4621212121,176547.57575757577,170772.32575757575,168455.85909090907,167668.00411255413
gc_1352,gongcha_existing,YOKOHAMA　WORLD PORTERS,"1F, YOKOHAMA WORLD PORTERS, 2-2-1, Shinko, Naka-ku,Yokohama-Shi, Kanagawa",35.4541899,139.6382318,DOS,2024.0,1.8535249828884328,500,433.787968614,40.30020364814644,,1,Urban SC,Commercial building, Kanagawa,神奈川県,Naka-ku,中区,low_density,1,1.0,12,29,30,1.0,9,19,22,0.0,1,4,4,0.0,1,4,7,2.0,23,56,63,0.0,1,4,4,gc_1525,0.6431019289755714,0.0,1,4,4,0.0,0,0,0,1.0,10,27,31,37700.0,0.0,198213.97999999998,60387.0,560004.98,197962.0,647285.98,197962.0,0.0,6,30,51,stn_445,0.4931821435934294,0.0,0.0,387696.0,342877.0,3027633.0,2764603.0,3591070.0,3237231.0,0.0,0,0,0,stn_5738,6.196737274198035,0.0,2,113,246,0.0,1,6,8,0.0,0,8,27,0.0,0,36,42,0,0,0.0,0,0,0,0,0,0,0,0,0,0,0,0,0,0,0,0.0,2,28,76,0.0,0.0,0.0,0.0,0.0,0.0,0.0,0.0,85781.83333333333,51256.916666666664,25372.333333333336,25727.666666666664,57417.5,37854.0,27651.916666666668,26532.166666666668,585954.5,466848.4166666667,368775.6666666666,368088.8333333333,486625.06818181823,402121.11363636365,357951.2142857143,351847.0666666667,951484.5,860115.8333333333,789820.3863636364,787816.4166666667,872278.7348484849,815635.1136363638,790998.7976190478,784767.8166666667
gc_1497,gongcha_existing,AEON MALL URAWAMISONO,"1F, AEON MALL URAWAMISONO, 5-50-1, Misono, Midori-ku, Saitama-shi, Saitama",35.8903843,139.7317537,FC,2023.0,2.6365503080082138,500,1228.2294053484,114.1061964450824,45.0,1,Suburbs SC,Shopping Center, Saitama,埼玉県,Midori-ku,緑区,low_density,0,1.0,1,1,2,0.0,0,1,1,0.0,0,0,0,1.0,1,1,3,2.0,2,3,6,0.0,0,0,0,gc_1555,6.626035408177034,0.0,0,0,0,0.0,0,0,0,1.0,1,2,4,62000.0,0.0,62000.0,0.0,68722.21,0.0,82181.21,0.0,0.0,1,3,7,stn_2389,0.5090559260454751,0.0,0.0,22500.0,25400.0,129046.0,137314.0,307245.0,305446.0,0.0,0,0,0,stn_6949,9.948377682716801,0.0,3,24,98,0.0,0,1,7,0.0,0,2,10,0.0,0,0,3,544,272,177.2,6154910,11925115,2657328,1698014,49,44,24,17,29,22,21,13,10,15,66,0.0,2,26,76,0.0,0.0,0.0,0.0,0.0,0.0,0.0,0.0,26381.0,23471.333333333336,20539.0,20736.166666666664,26642.583333333336,24561.5,21903.166666666664,22334.916666666664,98640.25,92940.91666666666,87445.08333333333,87902.5,98201.91666666667,95342.58333333333,89851.08333333334,90941.16666666667,292582.25,299308.4166666667,303698.75,304154.5833333333,300255.9166666667,306122.1666666666,303501.8333333333,305654.3333333334
gc_1491,gongcha_existing,KEIKYU KAWASAKI,"1F,Wing kitchin KEIKYU KAWASAKI,1-3-1,Isago,Kawasaki-ku,Kawasaki-shi,Kanagawa",35.5321825,139.7006019,FC,2023.0,2.8966461327857638,500,485.05381945019997,45.062954988381925,14.0,1,Terminal,Terminal, Kanagawa,神奈川県,Kawasaki-ku,川崎区,low_density,0,1.0,7,7,13,1.0,5,6,14,1.0,1,1,3,2.0,3,4,9,5.0,16,18,39,0.0,2,2,2,gc_1554,0.27811313563707346,0.0,2,2,2,0.0,0,0,0,4.0,10,15,24,50798.59,21937.0,240291.59,143768.0,321957.58999999997,143768.0,422647.88,143768.0,1.0,2,15,47,stn_899,0.09696687024545918,132524.0,123389.0,561726.0,512171.0,762261.0,700208.0,1910260.0,1745677.0,0.0,0,0,0,stn_5738,8.000258050086074,2.0,14,108,242,1.0,1,3,7,0.0,0,6,21,1.0,3,6,18,1782,798,1111.2,5386159,62334787,16574955,10000332,36,49,63,111,162,20,23,31,58,75,132,0.0,4,27,72,0.0,0.0,0.0,0.0,0.0,0.0,0.0,0.0,155131.41666666666,130869.5,112711.25,110982.75,143825.91666666666,122413.91666666666,111757.58333333334,109976.25,467784.5833333333,472560.0,483594.83333333326,480418.5,478580.75,479850.9166666666,483312.0,481885.1666666667,910299.1666666665,943624.4166666667,994846.75,986415.25,936873.25,959508.3333333334,989013.4166666667,983760.3333333334
gc_1330,gongcha_existing,GRANDUO Tachikawa,"3F, GRANDUO Tachikawa, 3-2-1, Shibasaki-cho, Tachikawa-shi",35.6974909,139.4143584,DOS,2020.0,5.963039014373717,500,2504.4981394523998,232.6753906495463,94.0,1,Urban SC,Commercial building, Tokyo,東京都,Tachikawa City,立川市,low_density,0,4.0,4,8,14,3.0,3,6,7,0.0,0,0,0,0.0,1,2,4,7.0,8,16,25,1.0,1,2,2,gc_1315,0.1194082133058026,1.0,1,2,2,0.0,0,0,0,3.0,8,10,17,47417.0,36970.0,113488.0,36970.0,179188.0,73570.0,270876.0,73570.0,2.0,5,16,31,stn_7568,0.07968125842922762,369390.0,340059.0,438272.0,407096.0,695422.0,644085.0,1044076.0,966188.0,0.0,0,0,0,stn_5738,28.01540603877384,0.0,22,88,205,0.0,0,6,11,0.0,2,10,21,0.0,12,14,21,577,279,306.1,5317870,13290976,3044031,1855343,19,18,27,43,50,9,7,15,21,22,52,0.0,3,27,75,0.0,0.0,0.0,0.0,0.0,0.0,0.0,0.0,87485.66666666666,71391.41666666666,57363.583333333336,56995.08333333333,78242.66666666666,63387.0,56499.58333333333,55268.75,271770.8333333333,249605.33333333334,234544.75,233847.0,261254.5833333333,242579.5,232054.0833333333,231265.25,609943.3333333334,612204.3333333333,618090.0833333333,617050.1666666666,619179.6666666667,619327.0833333333,619866.1666666666,619667.4166666666
gc_1407,gongcha_existing,Musashi-kosugi TOKYU SQUARE,"3F, MUSASHI-KOSUGI, TOKYU SQUARE, 3-472, Kosugimachi, Nakahara-ku, Kawasaki-shi",35.5759891,139.6594044,FC,2020.0,6.258726899383984,500,1083.3944141747997,100.65059126008143,27.0,1,Urban SC,Commercial building, Kanagawa,神奈川県,Nakahara-ku,中原区,low_density,0,3.0,5,8,20,0.0,2,5,9,0.0,1,1,2,1.0,1,3,8,4.0,9,17,39,0.0,0,0,2,gc_1344,3.617213057835153,0.0,0,0,2,0.0,0,0,0,3.0,4,7,19,30533.0,15548.0,67533.0,15548.0,92624.0,19845.0,260667.68,86273.0,2.0,4,19,48,stn_6051,0.04242494303095838,484760.0,431702.0,537925.0,472730.0,1262904.0,1082030.0,2364832.0,2076317.0,0.0,0,0,0,stn_5738,8.517781812951883,0.0,12,105,295,0.0,0,3,12,0.0,2,12,26,0.0,0,0,14,6062,3218,2678.7,7573842,174315176,45245362,26156735,395,349,368,320,311,183,190,213,179,178,765,0.0,3,27,76,0.0,0.0,0.0,0.0,0.0,0.0,0.0,0.0,81932.33333333333,80350.74999999999,80658.58333333334,79745.5,84994.16666666667,81889.66666666666,81756.41666666666,81040.0,381247.8333333333,402743.75,433556.3333333333,428541.9166666666,398106.25,413035.5,426436.9166666667,424853.0833333333,1049355.25,1116551.6666666665,1195251.3333333333,1187173.3333333333,1106300.25,1152566.3333333333,1188122.9166666667,1186913.3333333333
gc_1327,gongcha_existing,Ecute Ueno,"3F, JR East Ueno Station ecute, 7-1-1, Ueno, Taito-ku",35.7134096,139.7766112,DOS,2020.0,6.165639972621492,500,341.2943356368,31.70726766366563,,1,Terminal,Terminal, Tokyo,東京都,Taito-ku,台東区,low_density,1,3.0,7,37,105,1.0,3,21,61,0.0,0,2,4,1.0,1,3,11,5.0,11,63,181,0.0,1,6,10,gc_1405,0.7582252585688666,0.0,1,5,9,0.0,0,1,1,1.0,4,15,66,6581.0,11855.0,40071.0,36000.0,155252.0,61019.0,907381.1599999999,353550.0,1.0,14,74,177,stn_7814,0.038540931099538205,376340.0,340084.0,1132039.0,995566.0,5935067.0,5018883.0,15675519.0,13526683.0,1.0,1,1,3,stn_7685,0.0706496724416028,1.0,26,269,638,0.0,3,26,58,1.0,5,35,78,0.0,5,72,123,200,58,138.9,6583513,7499096,1714093,1041104,5,6,10,14,17,2,2,3,4,5,11,0.0,3,28,75,0.0,0.0,0.0,0.0,0.0,0.0,0.0,0.0,126877.66666666666,99240.66666666667,74348.5,74540.58333333333,88984.16666666667,74904.0,70940.0,68202.0,982001.1666666665,818113.2499999999,739717.8333333333,718537.4166666667,786437.9166666665,697805.8333333335,734294.0,698944.5,2132848.416666667,1838819.666666667,1725904.1666666665,1677616.5,1796122.75,1631409.333333333,1701117.5,1634160.2499999998
gc_1515,gongcha_existing,CoCoLo NIIGATA,"1F, WEST SIDE , CoCoLo NIGATA, 1-1-1, Hanazono, Chuo-Ku, Nigata-chi, Nigata",37.9120292,139.0617888,FC,2024.0,2.0752908966461328,500,1098.0930147642,102.01613535063848,33.0,1,Terminal,Terminal, Niigata,新潟県,Chuo-ku,中央区,low_density,1,2.0,3,4,7,1.0,2,4,6,0.0,0,0,0,1.0,2,3,5,4.0,7,11,18,0.0,0,0,0,gc_1562,157.8050465987151,0.0,0,0,0,0.0,0,0,0,1.0,4,6,11,26500.0,0.0,64154.0,5584.0,84844.0,5584.0,198953.38,5584.0,1.0,1,3,6,stn_7070,0.07301703539981094,74944.0,70902.0,74944.0,70902.0,85612.0,80870.0,96956.0,80870.0,1.0,1,1,1,stn_6944,0.0046910272875018725,5.0,30,108,165,0.0,1,3,7,0.0,0,7,14,4.0,21,42,43,291,132,186.1,4671145,8726919,2078720,1516428,2,5,44,42,22,1,3,18,18,9,40,0.0,2,30,74,0.0,0.0,0.0,0.0,0.0,0.0,0.0,0.0,45435.5,41487.25,32467.333333333332,33296.583333333336,37277.75,32982.916666666664,30527.166666666664,30137.166666666664,218862.33333333337,202669.3333333333,185961.1666666667,186342.75,203776.5833333333,188499.0,184779.0606060606,182106.3333333333,361201.3333333333,332625.9545454546,309149.38939393935,309256.5833333333,343702.0297619048,319812.50000000006,310178.3106060606,307944.1666666667
gc_1432,gongcha_existing,Hikarigaoka-IMA,"1F, Hikarigaoka-IMA, 5-1-1, Hikarigaoka, Nerima-ku",35.7594069,139.6287709,FC,2020.0,5.4428473648186175,500,1341.5161806228,124.63087772839998,40.0,1,Urban SC,Commercial building, Tokyo,東京都,Nerima-ku,練馬区,low_density,0,1.0,2,5,11,0.0,0,3,6,0.0,0,1,2,1.0,1,5,8,2.0,3,14,27,0.0,0,0,0,gc_1377,6.107438946205407,0.0,0,0,0,0.0,0,0,0,1.0,1,2,8,72897.0,18477.0,72897.0,18477.0,78337.74,18477.0,164583.01,23162.0,1.0,1,13,38,stn_6323,0.11244943919733168,63120.0,56838.0,63120.0,56838.0,505670.0,479988.0,1886314.0,1918494.0,0.0,0,0,0,stn_7685,14.359473868622741,0.0,12,100,276,0.0,0,0,5,0.0,2,7,26,0.0,0,5,11,4932,2648,2124.7,5388737,117196256,26298065,15451184,197,203,293,242,165,98,95,149,119,86,461,0.0,3,27,77,0.0,0.0,0.0,0.0,0.0,0.0,0.0,0.0,48628.916666666664,48993.0,49478.333333333336,49632.416666666664,53789.66666666667,53749.91666666667,53087.16666666667,53399.49999999999,364951.8333333333,393399.3333333334,418073.4166666667,417553.0,385117.0833333334,409914.5,423329.5833333333,424375.4166666666,937522.0,1020863.0,1097824.0833333333,1095438.9166666667,994599.25,1059217.1666666667,1095214.3333333335,1097671.3333333333
gc_1520,gongcha_existing,HIROSHIMA KINZAGAI,"1F, Cerezo Kinzagai bldg., 1-4, Hondori, Naka-ku, Hiroshima-shi, Hiroshima",34.3931812,132.4619663,FC,2024.0,1.7960301163586585,500,918.4832856108,85.32985268310014,29.0,1,Roadside,Street-level (roadside), Hiroshima,広島県,Naka-ku,中区,low_density,1,2.0,6,17,22,2.0,6,10,12,0.0,0,0,0,0.0,3,5,6,4.0,15,32,40,0.0,0,1,1,gc_1535,1.3075814583625995,0.0,0,1,1,0.0,0,0,0,1.0,6,11,16,20000.0,13797.0,179298.0,21731.0,307088.0,21731.0,467889.0,21731.0,2.0,16,58,77,stn_2075,0.12564895945619114,17888.0,13808.0,110368.0,99654.0,448277.0,418429.0,564015.0,520174.0,0.0,0,1,1,stn_4046,1.3492776621325109,0.0,23,132,223,0.0,2,4,11,0.0,3,18,23,0.0,9,41,45,210,103,123.8,5185784,6076358,1154906,762528,3,4,4,9,8,0,2,2,6,3,10,0.0,4,27,72,0.0,0.0,0.0,0.0,0.0,0.0,0.0,0.0,163404.8333333333,131692.25,93033.75,95744.5,137110.75,107823.08333333334,89223.16666666666,87713.25,469075.0,420797.5833333333,372759.25,373452.9166666666,433845.6666666667,395067.9166666666,374535.5,370720.1666666666,683862.5833333334,651808.5833333334,621782.1666666667,621084.75,655692.1666666666,630263.1666666666,618473.5227272727,614908.946969697
gc_1444,gongcha_existing,AEON OKAZAKI,"1F, AEON OKAZAKI, 1-1, Barayama, Tosakicho, Okazaki-shi",34.9386323,137.1647881,FC,2021.0,5.089664613278576,500,310.46312464439995,28.842955668838687,,1,Suburbs SC,Shopping Center, Aichi,愛知県,Okazaki City,岡崎市,low_density,0,2.0,3,5,5,0.0,0,0,0,0.0,0,0,0,1.0,1,1,2,3.0,4,6,7,0.0,0,0,0,gc_1541,8.198998461872632,0.0,0,0,0,0.0,0,0,0,1.0,2,10,12,80000.0,0.0,88454.0,0.0,166030.0,6903.0,194888.0,6903.0,0.0,0,7,12,stn_229,1.2125728447792086,0.0,0.0,0.0,0.0,102696.0,93987.0,127574.0,117500.0,0.0,0,0,0,stn_5749,10.105409057425373,0.0,6,49,87,0.0,0,3,5,0.0,0,4,9,0.0,0,8,12,275,141,114.5,5675546,5971611,1365052,861652,11,8,16,18,18,5,3,8,8,7,24,0.0,3,26,76,0.0,0.0,0.0,0.0,0.0,0.0,0.0,0.0,26530.583333333332,23495.416666666668,21472.5,21293.083333333336,27497.0,24485.416666666664,21493.083333333336,21688.666666666668,157206.33333333334,153938.75,151857.66666666666,151165.91666666666,160674.3333333333,155542.3333333333,151732.99999999997,151543.91666666666,270676.6666666666,276529.75,282897.3333333334,281899.44999999995,284865.0,286232.2333333333,287893.0833333333,287562.1666666667
gc_1378,gongcha_existing,Nagareyama Otakanomori,"1F, Kokage-terrace, 1-1-1, Otakanomori-Nishi, Nagareyama-shi",35.8732996,139.9199601,FC,2018.0,7.545516769336071,500,1615.8064077191398,150.11326269633125,48.0,1,Terminal,Terminal, Chiba,千葉県,Nagareyama City,流山市,low_density,0,0.0,2,5,11,0.0,0,0,5,0.0,0,0,1,0.0,1,1,4,0.0,3,6,21,0.0,0,0,1,gc_1373,4.800239745056368,0.0,0,0,1,0.0,0,0,0,1.0,5,5,20,17500.0,0.0,83461.0,38600.0,83461.0,38600.0,390102.0,95548.0,0.0,2,8,20,stn_2944,0.4817184775235403,0.0,0.0,138714.0,150953.0,212657.0,224996.0,994973.0,979710.0,0.0,0,0,0,stn_7685,21.950633567377206,0.0,6,36,123,0.0,0,1,3,0.0,1,2,10,0.0,0,2,8,1883,946,577.9,5906991,39221115,9873434,6187932,126,56,29,62,207,63,26,14,35,113,138,0.0,2,26,76,0.0,0.0,0.0,0.0,0.0,0.0,0.0,0.0,13535.416666666666,14331.583333333332,14604.0,14670.0,17043.916666666664,17232.25,16688.333333333336,16881.083333333336,114506.33333333334,119100.41666666666,121421.83333333331,121818.16666666667,121871.0,123909.08333333334,122520.5,123254.24999999999,414680.8333333333,415123.75,410445.3333333333,411651.6666666666,430289.0833333333,425854.25,415870.7045454545,417472.4166666666
gc_1508,gongcha_existing,ABENO Q's MALL,"B1F, ABENO Q's MALL, 16-1, Abenosuji, Abeno-Ku, Osaka-shi, Osaka",34.6453267,135.511683,FC,2024.0,2.1738535249828885,500,339.50182336980004,31.540737896524533,,1,Urban SC,Commercial building, Osaka,大阪府,Abeno-ku,阿倍野区,low_density,0,2.0,8,21,40,1.0,2,11,17,1.0,1,1,1,1.0,3,9,14,5.0,14,42,72,1.0,2,4,5,gc_1396,0.18072821894509647,1.0,2,4,5,0.0,0,0,0,4.0,9,17,28,110962.0,41120.0,265501.0,86256.0,493258.0,195009.0,662464.41,241062.0,1.0,10,65,121,stn_2327,0.15674301317967398,12185.0,10624.0,784049.0,722640.0,3005760.0,2811204.0,4507905.0,4267778.0,0.0,0,0,0,stn_5753,9.882005694565946,2.0,33,208,456,1.0,3,5,11,0.0,2,28,52,1.0,16,52,82,1524,892,785.3,5637463,43864856,7972471,5384565,68,58,56,68,50,34,30,33,40,30,137,0.0,2,28,75,0.0,0.0,0.0,0.0,0.0,0.0,0.0,0.0,129905.0,97405.0,58722.58333333333,59810.583333333336,115379.16666666666,84156.25,56005.91666666667,55702.833333333336,749974.8333333334,662877.5000000001,535773.1666666666,545273.0833333334,691526.3333333334,613563.4166666666,524723.1666666666,528551.1666666666,1580492.6666666667,1458030.3333333335,1323537.5,1325115.5833333335,1481220.1666666665,1384438.4166666665,1314540.25,1306609.8333333335
gc_1379,gongcha_existing,Odakyu acorde Shin-Yurigaoka,"3F, Shin-Yurigaoka acorde North, 1-17-1, Mampukuji, Asao-ku, Kawasaki-shi",35.603805,139.507605,FC,2018.0,7.559206023271732,500,867.575937228,80.60040729629289,22.0,1,Terminal,Terminal, Kanagawa,神奈川県,Asao-ku,麻生区,low_density,0,2.0,2,4,6,1.0,1,1,2,0.0,0,0,0,1.0,1,1,3,4.0,4,6,11,0.0,0,0,0,gc_1339,6.30198272226973,0.0,0,0,0,0.0,0,0,0,3.0,3,4,10,67850.0,9884.0,67850.0,9884.0,75083.56,9884.0,120896.56,9884.0,1.0,2,6,18,stn_3036,0.016179589775529957,128155.0,114816.0,149836.0,135399.0,258350.0,233914.0,631205.0,576024.0,0.0,0,0,0,stn_5738,14.633974820617494,1.0,10,59,164,1.0,3,7,16,0.0,0,7,16,0.0,0,0,2,595,340,322.4,5782878,18201763,4824899,2895575,20,17,30,55,56,10,10,23,40,31,83,1.0,3,28,76,28350.833333333332,22969.416666666668,19209.916666666668,18862.0,27185.0,22465.25,20066.916666666668,19676.666666666668,45691.666666666664,43428.583333333336,41408.0,41208.83333333333,48061.91666666667,45602.916666666664,43653.33333333333,43593.333333333336,187523.08333333334,201362.83333333334,211960.58333333337,212044.3333333333,201100.16666666666,209633.6666666667,210744.08333333334,212218.16666666666,466086.66666666674,502442.3333333333,532343.8333333333,533019.25,493159.0833333333,517348.91666666674,526000.8333333334,528967.5
gc_1541,gongcha_existing,LaLaport ANJO,愛知県安城市大東町9−30 ららぽーと安城 1F,34.9654965,137.0810098,FC,2025.0,1.0841889117043122,500,757.8741864876,70.40878554725751,26.0,1,Suburbs SC,Shopping Center, Aichi,愛知県,Anjo City,安城市,low_density,1,1.0,1,4,6,0.0,1,1,1,0.0,0,0,0,0.0,1,1,2,1.0,3,6,9,0.0,0,0,0,gc_1444,8.198998461872632,0.0,0,0,0,0.0,0,0,0,0.0,0,5,7,0.0,0.0,0.0,0.0,43943.0,0.0,75924.0,0.0,0.0,1,5,11,stn_5831,0.740963404555592,0.0,0.0,23248.0,21874.0,66668.0,64496.0,90973.0,86128.0,0.0,0,1,1,stn_5749,1.9281135303867332,0.0,7,37,71,0.0,0,0,0,0.0,1,4,5,0.0,1,5,7,406,231,177.3,6136210,9631723,2203328,1392661,20,32,28,22,15,11,17,16,11,9,55,0.0,2,26,75,0.0,0.0,0.0,0.0,0.0,0.0,0.0,0.0,11134.416666666666,10765.333333333334,10942.416666666666,10856.0,8773.5,9094.833333333332,9803.166666666666,9661.666666666666,106713.66666666667,109109.91666666667,110404.75,110055.25,110414.25,111041.83333333333,110896.25,110692.83333333333,215069.5,223724.0,233889.4166666667,232334.91666666666,226456.25,233575.66666666666,240893.3333333333,239971.5
gc_1427,gongcha_existing,MITSUI OUTLET PARK SAPPORO KITAHIROSHIMA,"2F, MITSUI OUTLET PARK Sapporo Kitahiroshima, 3-7-6, Omagarisaiwaicho, Kitahiroshima-shi",42.9722843,141.4701165,FC,2020.0,5.530458590006845,500,946.4464769759999,87.92771705050131,16.0,1,Suburbs SC,Shopping Center, Hokkaido,北海道,Kitahiroshima City,北広島市,low_density,0,1.0,2,3,3,0.0,1,1,1,0.0,0,0,0,0.0,0,2,2,1.0,3,6,6,0.0,0,0,0,gc_1548,13.566842697931627,0.0,0,0,0,0.0,0,0,0,1.0,3,5,7,30000.0,29600.0,66853.0,29600.0,115853.0,29600.0,131272.0,29600.0,0.0,0,0,0,stn_9119,5.0823070365051874,0.0,0.0,0.0,0.0,0.0,0.0,0.0,0.0,0.0,0,0,0,stn_10109,136.51989418946198,0.0,2,20,51,0.0,0,0,2,0.0,0,2,4,0.0,0,0,1,145,66,70.0,3965000,3750500,872356,604160,8,3,2,7,11,3,2,1,3,5,9,1.0,3,30,85,9424.25,4386.583333333333,1375.9166666666667,1474.9166666666667,6589.5,3190.8333333333335,1113.75,1243.8333333333333,20380.916666666664,13662.75,8959.25,9203.5,16457.666666666664,11577.916666666668,7747.083333333334,8161.166666666666,67298.3595959596,59497.61944444444,53634.712698412695,54272.86746031746,64425.07049062049,58604.679112554106,52526.60476190476,53555.48809523809,132616.4388167388,127585.12691197693,121641.07557720057,122976.24848484849,130133.5805916306,125866.19426406927,117888.94062049061,119959.63026695527
gc_1421,gongcha_existing,nonowa Musashi-Koganei,"nonowa MUSASHIKOGANEI EAST, 6-14-29, Honmachi, Koganei-shi",35.7011111,139.5068667,FC,2020.0,5.752224503764545,500,625.586781183,58.118888732244244,6.0,1,Terminal,Terminal, Tokyo,東京都,Koganei City,小金井市,low_density,0,1.0,1,4,11,0.0,0,1,7,0.0,0,0,0,1.0,1,3,5,2.0,2,8,23,0.0,0,1,2,gc_1556,2.3811404069608773,0.0,0,1,2,0.0,0,0,0,4.0,4,7,18,56625.0,0.0,56625.0,0.0,107125.0,14610.0,259249.66999999998,41940.0,1.0,1,7,28,stn_7536,0.08500481191679239,125156.0,113426.0,125156.0,113426.0,609812.0,557665.0,1576469.0,1439247.0,0.0,0,0,0,stn_5737,22.517683567922877,0.0,11,92,228,0.0,0,9,15,0.0,2,9,23,0.0,1,8,13,3668,1981,2057.0,5852917,107279013,24467685,14804251,113,137,230,264,273,58,75,113,164,156,410,0.0,2,26,76,0.0,0.0,0.0,0.0,0.0,0.0,0.0,0.0,33546.08333333333,33553.83333333333,34298.08333333333,34090.583333333336,36066.16666666667,35505.08333333333,34883.0,34917.916666666664,228731.1666666667,242272.1666666667,257360.6666666667,256547.66666666666,245446.41666666666,255892.5833333333,262782.6666666667,263211.9166666667,769255.0,789174.1666666667,818761.5833333333,815475.3333333333,786450.6666666667,805994.5,820666.8333333334,820545.75
gc_1406,gongcha_existing,atre maruhiro kawagoe,"2F, atre maruhiro, 105, Wakitamachi, Kawagoe-shi",35.9084923,139.4828359,FC,2020.0,6.297056810403833,500,502.62043966679994,46.69494670636472,,1,Urban SC,Commercial building, Saitama,埼玉県,Kawagoe City,川越市,low_density,0,2.0,3,5,6,0.0,2,3,4,1.0,1,1,2,1.0,1,2,2,4.0,7,11,14,0.0,0,0,0,gc_1333,7.546919857711624,0.0,0,0,0,0.0,0,0,0,2.0,4,6,8,42960.0,0.0,62105.0,0.0,111352.0,0.0,153338.0,0.0,2.0,4,6,11,stn_8335,0.14701254309061088,201598.0,189564.0,302428.0,282288.0,330955.0,307989.0,456207.0,422539.0,0.0,0,0,0,stn_6949,12.631396894045913,0.0,11,55,111,0.0,1,2,6,0.0,2,8,12,0.0,2,5,8,1319,720,676.9,4818511,33293296,7583670,5041272,22,33,60,91,107,11,19,35,53,50,118,0.0,2,26,76,0.0,0.0,0.0,0.0,0.0,0.0,0.0,0.0,48397.41666666667,41688.41666666667,35604.41666666667,35403.33333333333,41693.75,35363.83333333333,32310.166666666664,31749.666666666664,175904.25,172116.25000000003,169255.25,169541.0,174228.58333333334,171163.5,169335.66666666666,169317.16666666666,317548.9166666666,323099.1666666666,327639.5833333334,328198.25,328349.58333333326,331756.41666666674,331856.75,332732.4166666667
gc_1410,gongcha_existing,Saporo Akarenga TERRACE,"1F, Sapporo Akarenga Terrace , 4-1, Kita-2-jonishi, Chuo-ku, Sapporo-shi",43.0638889,141.3502778,FC,2020.0,6.0889801505817935,500,717.3634092534,66.64521280986862,,1,Roadside,Street-level (roadside), Hokkaido,北海道,Chuo-ku,中央区,low_density,1,3.0,12,17,22,1.0,6,11,12,0.0,0,1,1,1.0,3,6,10,5.0,21,35,45,0.0,2,2,2,gc_1417,0.372150454329852,0.0,2,2,2,0.0,0,0,0,1.0,10,20,32,8500.0,0.0,179550.0,90746.0,356431.2,104749.0,489908.2,104749.0,0.0,12,38,61,stn_2469,0.2214222373838172,0.0,0.0,643301.0,621717.0,963338.0,950694.0,1220116.0,1199164.0,0.0,0,0,0,stn_10109,141.15953435366288,0.0,33,158,284,0.0,1,23,24,0.0,1,13,21,0.0,27,64,79,0,0,0.0,0,0,0,0,0,0,0,0,0,0,0,0,0,0,0,0.0,4,30,83,0.0,0.0,0.0,0.0,0.0,0.0,0.0,0.0,202630.25,142720.5833333333,97771.25,95788.33333333334,165305.5,117160.41666666666,97329.16666666666,91674.91666666667,582134.4166666666,537677.9166666666,475964.1666666667,480418.25,537339.5833333334,492394.4166666667,466042.6666666667,461826.4166666666,1011425.0,993501.6666666666,951212.5833333335,957282.3333333334,984894.75,965565.9166666666,948478.0833333333,947359.8333333333
gc_1363,gongcha_existing,MITSUI OUTLET PARK Iruma,"1F, MITSUI OUTLET PARK IRUMA, 3169-1, Miyadera, Iruma-shi",35.8102352,139.3803931,FC,2016.0,9.976728268309378,500,235.8946143372,21.91531735576889,,1,Suburbs SC,Shopping Center, Saitama,埼玉県,Iruma City,入間市,low_density,0,1.0,1,3,4,1.0,1,1,1,0.0,0,0,0,0.0,0,1,2,2.0,2,5,7,0.0,0,0,0,gc_1547,7.11100939542546,0.0,0,0,0,0.0,0,0,0,1.0,1,3,5,32000.0,31800.0,32000.0,31800.0,64564.0,31800.0,78136.89,31800.0,0.0,0,0,8,stn_4807,3.1477029400467638,0.0,0.0,0.0,0.0,0.0,0.0,132985.0,117513.0,0.0,0,0,0,stn_6949,24.335652730744037,0.0,1,32,87,0.0,0,0,4,0.0,0,3,10,0.0,0,2,3,42,18,13.9,5097122,768813,171508,109818,2,2,2,2,2,1,1,1,1,1,4,0.0,2,26,76,0.0,0.0,0.0,0.0,0.0,0.0,0.0,0.0,16274.75,8165.75,2448.5,2573.416666666667,11688.0,6355.25,2575.166666666667,2713.9166666666665,87954.91666666666,83919.16666666667,80928.91666666667,81117.25,87008.16666666667,84655.0,82819.91666666667,83093.58333333334,223760.21666666667,223400.16666666666,223786.5357142857,224323.69318181818,222884.9880952381,223932.9166666667,221865.0166666667,223009.15404040404
gc_1469,gongcha_existing,JAZZ DREAM NAGASHIMA,"1F, JAZZ DREAM NAGASHIMA,368, Urayasu, Nagashima-cho , Kuwana-shi",35.06661,136.726659660992,FC,2022.0,4.073921971252567,500,545.2822316214,50.65835516432293,,1,Suburbs SC,Shopping Center, Mie,三重県,Kisosaki-cho,木曽岬町,low_density,0,0.0,0,0,1,0.0,0,0,2,0.0,0,0,0,0.0,0,0,1,0.0,0,0,4,0.0,0,0,0,gc_1374,14.941212829653264,0.0,0,0,0,0.0,0,0,0,0.0,0,0,3,0.0,0.0,0.0,0.0,0.0,0.0,71787.0,61000.0,0.0,0,0,9,stn_2504,3.9035628072306094,0.0,0.0,0.0,0.0,0.0,0.0,44815.0,43119.0,0.0,0,0,0,stn_5746,18.182912842148227,0.0,0,11,41,0.0,0,0,0,0.0,0,0,3,0.0,0,0,4,0,0,0.0,0,0,0,0,0,0,0,0,0,0,0,0,0,0,0,0.0,4,26,72,0.0,0.0,0.0,0.0,0.0,0.0,0.0,0.0,1414.75,1591.0,1573.25,1609.4166666666667,1479.3333333333335,1677.8333333333335,1545.9166666666665,1617.0,12352.333333333332,12891.25,11588.78787878788,11778.325757575758,11727.5,11926.916666666666,10936.824242424243,10984.931818181818,97267.5,86382.58333333334,76018.70454545454,76436.74242424243,88816.0,81643.52121212121,77313.7409090909,76926.76515151514
gc_1396,gongcha_existing,Abeno Hoop,"B1F, Hoop, 1-2-30, Abenosuji, Abeno-ku, Osaka-shi",34.6450573,135.5136313,FC,2019.0,6.680355920602327,500,550.3012659689999,51.124638512318,6.0,1,Urban SC,Commercial building, Osaka,大阪府,Abeno-ku,阿倍野区,low_density,0,6.0,8,21,39,1.0,2,11,17,1.0,1,1,1,2.0,3,9,13,10.0,14,42,70,1.0,2,4,5,gc_1508,0.18072821894509647,1.0,2,4,5,0.0,0,0,0,6.0,9,17,28,237942.0,41120.0,265501.0,86256.0,493258.0,195009.0,662464.41,241062.0,4.0,8,64,121,stn_1211,0.10220638084802748,731512.0,662176.0,817836.0,756048.0,3005535.0,2810999.0,4499893.0,4262989.0,0.0,0,0,0,stn_5753,9.932506563863793,2.0,35,205,459,1.0,3,5,11,0.0,4,28,51,1.0,16,52,83,1173,680,524.0,5451813,30373618,5505511,3700409,53,61,63,49,57,27,34,35,31,32,127,0.0,3,28,74,0.0,0.0,0.0,0.0,0.0,0.0,0.0,0.0,149915.6666666667,118510.0,80850.83333333333,81804.83333333334,138631.33333333334,107479.33333333334,79484.41666666667,79025.5,756880.8333333334,670818.0000000001,545574.4166666666,554887.6666666667,699611.1666666666,622849.0,536487.5,539788.9166666666,1551933.4166666667,1427185.3333333335,1284189.75,1287584.1666666667,1452782.6666666665,1354995.75,1278101.25,1271908.4166666667
gc_1416,gongcha_existing,Azabujuban,"1F, EXAzabujyuban-Bldg., 1-8-1, Azabujuban, Minato-ku",35.65,139.735189065457,FC,2020.0,5.828884325804244,500,,,,0,Roadside,NP, Tokyo,東京都,Minato-ku,港区,low_density,1,0.0,4,61,162,0.0,5,39,84,0.0,0,1,4,0.0,0,3,9,0.0,9,104,259,0.0,0,0,8,gc_1323,3.0899518755594277,0.0,0,0,6,0.0,0,0,2,0.0,0,26,92,0.0,0.0,0.0,0.0,268257.63,99016.0,1227504.54,339552.0,0.0,5,57,143,stn_6178,0.5605200963722974,0.0,0.0,171832.0,145342.0,6881359.0,5519626.0,16912966.0,14875728.0,0.0,0,1,3,stn_5737,2.3054809925410162,1.0,29,171,434,0.0,1,23,47,0.0,5,25,54,0.0,3,25,88,6061,3273,3318.2,9444187,495066360,113802993,69807441,292,202,151,329,628,147,94,76,179,321,496,0.0,4,28,74,0.0,0.0,0.0,0.0,0.0,0.0,0.0,0.0,84698.33333333333,73414.66666666666,75193.91666666667,71314.0,75145.41666666666,68423.0,75337.91666666666,71048.16666666666,826882.0833333333,652450.5833333333,590170.3333333334,556039.5,642564.25,527463.25,560395.0,518501.9166666667,2007990.3333333335,1576928.0833333335,1364045.75,1303925.666666667,1571114.4166666665,1303204.4166666667,1330791.0,1251121.5
gc_1459,gongcha_existing,Odakyu Tama-Center,"2F, Odakyu Marche Tama Center,1-11-2, Ochiai, Tama-shi",35.6247105,139.4240065,FC,2021.0,4.476386036960986,500,866.8589323212,80.53379538943643,24.0,1,Urban SC,Terminal, Tokyo,東京都,Tama City,多摩市,low_density,0,1.0,2,5,9,1.0,1,2,5,0.0,0,0,0,1.0,1,3,5,3.0,4,10,19,0.0,0,0,0,gc_1539,7.149543419697556,0.0,0,0,0,0.0,0,0,0,3.0,5,8,18,30096.0,0.0,84873.0,11284.0,153234.0,11284.0,298020.0,51470.0,3.0,4,10,24,stn_3057,0.04129236042183346,179117.0,159710.0,181830.0,162257.0,349536.0,309796.0,671109.0,596075.0,0.0,0,0,0,stn_5738,21.842632485684415,0.0,7,61,137,0.0,0,9,13,0.0,0,3,11,0.0,1,1,6,524,289,311.5,5301284,14573255,3297148,1966506,25,25,35,27,26,15,14,22,15,14,66,0.0,4,28,69,0.0,0.0,0.0,0.0,0.0,0.0,0.0,0.0,49259.75,45358.833333333336,43531.75,43384.5,49599.0,46576.916666666664,45917.75,45463.5,177772.9166666667,178213.6666666667,181202.66666666666,181165.25,186464.3333333333,188253.58333333334,188995.75,189394.16666666666,365223.25,364519.5833333333,368576.9166666666,369386.3333333333,380570.0,380681.4166666667,376774.75,378887.4166666667
gc_1519,gongcha_existing,YOKOHAMA VIVRE,"1F, YOKOHAMA VIVRE, 2-15-13, Minamisaiwai, Nishi-ku, Yokohama-Shi, Kanagawa",35.4649507,139.6182514,FC,2024.0,1.8507871321013003,500,649.6064455608,60.350387611935005,20.0,1,Urban SC,Commercial building, Kanagawa,神奈川県,Nishi-ku,西区,low_density,1,2.0,14,29,34,1.0,8,19,23,1.0,3,4,4,0.0,2,5,7,4.0,27,57,68,0.0,2,4,4,gc_1371,0.22132103235872455,0.0,2,4,4,0.0,0,0,0,2.0,11,26,32,40318.0,0.0,292471.0,137575.0,546346.98,197962.0,643900.02,197962.0,1.0,10,35,60,stn_473,0.17896158327230052,144044.0,63471.0,2145195.0,1979974.0,3116612.0,2834495.0,3922719.0,3671069.0,0.0,0,0,1,stn_5738,4.713425578077529,0.0,32,121,258,0.0,2,7,8,0.0,2,7,26,0.0,20,33,45,533,269,231.3,6424989,12971379,3296749,1819275,17,10,61,66,35,9,4,34,38,14,85,0.0,2,26,76,0.0,0.0,0.0,0.0,0.0,0.0,0.0,0.0,129364.41666666666,92232.5,54979.583333333336,54715.66666666667,108080.83333333334,76045.91666666667,54009.0,52954.75,550038.75,462148.33333333326,387371.8333333333,386469.5833333333,482555.4166666666,421379.3333333334,386991.5,382674.0,1022815.75,941899.5,878581.1666666666,876120.6666666666,943434.0681818181,893749.1136363638,870535.3809523811,865009.4
gc_1534,gongcha_existing,AEON MALL TSUMINAMI,三重県津市高茶屋こもり町145 イオンモール津南1F,34.6711006,136.5179167,FC,2025.0,1.1854893908281998,500,667.1730657773999,61.98237932991778,18.0,1,Suburbs SC,Shopping Center, Mie,三重県,Tsu City,津市,low_density,0,1.0,1,3,3,0.0,0,0,0,0.0,0,0,0,1.0,1,1,1,2.0,2,4,4,0.0,0,0,0,gc_1482,36.7214615801501,0.0,0,0,0,0.0,0,0,0,1.0,1,3,4,60000.0,0.0,60000.0,0.0,99408.44,0.0,110685.44,0.0,0.0,1,1,5,stn_5572,0.6442992849276512,0.0,0.0,1101.0,929.0,1101.0,929.0,15139.0,14241.0,0.0,0,0,0,stn_5749,59.572443073670264,0.0,5,19,47,0.0,0,0,0,0.0,0,0,4,0.0,0,0,3,28,11,19.7,4893401,981781,238036,149329,1,1,1,1,2,0,0,0,1,1,1,1.0,3,26,63,11539.5,6626.75,2519.9166666666665,2675.0833333333335,10327.25,6566.25,3716.0833333333335,3887.3333333333335,16696.083333333332,10031.25,4517.5,4676.0,15408.916666666666,10119.916666666666,6254.750000000001,6411.166666666667,52439.25,46800.606060606064,42470.541666666664,42627.119047619046,49419.68888888889,45412.816666666666,42212.946428571435,42364.5,103405.33333333331,101357.64772727274,101015.14484126985,100561.26677489177,103852.62936507937,102121.90000000001,100540.99404761905,100707.84090909091
gc_1460,gongcha_existing,TAKASAKI OPA,"2F, TAKASAKI OPA, 46-1, Yashima-cho, Takasaki-shi",36.3230805,139.0110729,FC,2021.0,4.446269678302532,500,494.0163807852,45.89560382408744,5.0,1,Urban SC,Commercial building, Gunma,群馬県,Takasaki City,高崎市,low_density,1,2.0,3,5,6,1.0,2,3,3,0.0,0,0,0,1.0,1,2,3,4.0,6,10,12,1.0,1,1,1,gc_1551,0.19673328435595652,1.0,1,1,1,0.0,0,0,0,3.0,3,4,6,49273.0,0.0,49273.0,0.0,58640.729999999996,0.0,83313.73,0.0,1.0,2,6,10,stn_6967,0.14534468945931198,64338.0,65446.0,66598.0,67620.0,77697.0,79226.0,86130.0,87443.0,1.0,1,1,1,stn_6948,0.17247134352999885,2.0,22,68,110,0.0,0,2,10,0.0,0,5,10,0.0,13,15,16,481,255,233.9,4938221,14757022,2871267,1939051,22,23,20,15,22,10,12,12,7,11,41,0.0,4,27,75,0.0,0.0,0.0,0.0,0.0,0.0,0.0,0.0,55445.0,51739.25,48161.41666666667,47749.166666666664,54146.75,48763.0,48851.58333333333,47311.583333333336,155920.08333333334,149913.5,145738.8333333333,145017.5,156032.16666666666,149175.0,148782.41666666666,146946.33333333334,244549.53333333335,236770.53333333333,231692.946969697,230918.83333333334,248183.80303030304,239705.16666666666,237151.75238095238,235592.4153679654
gc_1467,gongcha_existing,AEON MALL KOFUSHOWA,"1F, AEON MALL KOFUSHOWA 1505-1 Ikkui, Showa-cho, Nakakoma-gun",35.6229847,138.5269597,FC,2022.0,4.112251882272417,500,471.0722237676,43.764022804681346,,1,Suburbs SC,Shopping Center, Yamanashi,山梨県,Showa-cho,昭和町,low_density,0,1.0,2,4,6,0.0,0,0,0,0.0,0,0,0,1.0,1,3,3,2.0,3,7,9,0.0,0,0,0,gc_1412,53.07420544581571,0.0,0,0,0,0.0,0,0,0,1.0,1,5,7,70000.0,0.0,70000.0,0.0,122922.0,0.0,131336.0,0.0,0.0,1,3,5,stn_5651,0.8645884696379595,0.0,0.0,883.0,921.0,2183.0,2152.0,4543.0,4430.0,0.0,0,0,0,stn_5744,54.88123810237302,0.0,7,30,87,0.0,0,1,1,0.0,0,2,7,0.0,2,2,6,28,13,11.9,5794118,705070,172455,115633,2,2,1,1,2,1,1,0,1,1,3,0.0,3,26,75,0.0,0.0,0.0,0.0,0.0,0.0,0.0,0.0,15040.25,9550.416666666666,5067.583333333333,5167.666666666666,12628.083333333334,8930.416666666668,5702.5,5883.75,79475.58333333333,72326.25,68014.66666666666,67497.25,76677.75,70335.41666666667,67639.0,67072.58333333334,179075.24999999997,176198.25000000003,176121.04545454544,175177.25,178998.4166666667,176475.08333333334,176470.40151515152,175692.56060606058
gc_1431,gongcha_existing,Mito EXCEL,"2F, exsel Mito, 1-1-1, Miyamachi, Mito-shi",36.3711134,140.4758797,FC,2020.0,5.462012320328542,500,521.621069697,48.4601622380604,20.0,1,Urban SC,Terminal, Ibaraki,茨城県,Mito City,水戸市,low_density,0,2.0,2,4,7,1.0,1,2,2,0.0,0,0,0,1.0,1,1,1,4.0,4,7,10,0.0,0,0,0,gc_1545,10.635036457660842,0.0,0,0,0,0.0,0,0,0,3.0,3,3,5,37168.0,8079.0,37168.0,8079.0,37168.0,8079.0,60240.0,8079.0,2.0,2,4,8,stn_7032,0.12249940321470035,63745.0,58357.0,63745.0,58357.0,63745.0,58357.0,63930.0,58529.0,0.0,0,0,0,stn_7683,55.72332002475454,1.0,17,62,103,0.0,0,0,4,0.0,4,15,17,1.0,8,19,22,64,27,45.4,4922907,2730085,669609,479172,3,4,3,3,2,1,2,1,1,1,5,0.0,2,28,77,0.0,0.0,0.0,0.0,0.0,0.0,0.0,0.0,22371.333333333336,20092.916666666664,18072.583333333336,17774.0,20348.083333333336,18442.166666666664,19298.666666666668,18550.083333333332,104429.5,102836.41666666666,103107.5,102243.25000000001,105562.08333333334,102412.83333333334,104841.25,103193.33333333334,219903.5,215556.6666666667,215019.8333333333,213823.16666666663,225447.6666666667,218313.28030303033,220482.08888888886,218160.21320346318
gc_1417,gongcha_existing,Sapporo APIA,"Sapporo APIA, 4, Kita-5-jonishi, Chuo-ku, Sapporo-shi",43.0672043,141.3496515,FC,2020.0,5.823408624229979,500,467.4871992336,43.43096327039914,,1,Urban SC,Commercial building, Hokkaido,北海道,Chuo-ku,中央区,low_density,1,3.0,11,16,23,1.0,5,11,12,0.0,0,1,1,0.0,2,6,10,4.0,18,34,46,0.0,2,2,2,gc_1410,0.372150454329852,0.0,2,2,2,0.0,0,0,0,2.0,7,17,33,94450.0,61997.0,133542.0,78652.0,321067.7,104749.0,496113.2,104749.0,2.0,5,36,62,stn_9159,0.14291414056950588,370484.0,333356.0,554426.0,526304.0,961759.0,949927.0,1260600.0,1238134.0,0.0,0,0,0,stn_10109,141.47476285843882,0.0,29,160,281,0.0,8,23,24,0.0,1,13,20,0.0,17,66,79,0,0,0.0,0,0,0,0,0,0,0,0,0,0,0,0,0,0,0,0.0,4,32,84,0.0,0.0,0.0,0.0,0.0,0.0,0.0,0.0,202630.25,142720.5833333333,97771.25,95788.33333333334,165305.5,117160.41666666666,97329.16666666666,91674.91666666667,596022.6666666666,550332.0,488191.0833333334,492488.3333333334,550780.6666666666,506803.9166666667,480616.25,476441.8333333333,1013251.8333333334,994101.1666666666,950401.0833333335,956566.9166666667,988621.0000000001,967695.1666666666,949612.9166666667,948481.1666666666
gc_1450,gongcha_existing,mallage SHOBU,"1F, mallage SHOBU, shobu 6005, shobucho, kuki-shi",33.986078,139.61331900617,FC,2021.0,4.826830937713894,500,1361.5923180132,126.49601112038032,46.0,1,Suburbs SC,Shopping Center,,,,,low_density,0,0.0,0,0,0,0.0,0,0,0,0.0,0,0,0,0.0,0,0,0,0.0,0,0,0,0.0,0,0,0,gc_1530,144.02249482232264,0.0,0,0,0,0.0,0,0,0,0.0,0,0,0,0.0,0.0,0.0,0.0,0.0,0.0,0.0,0.0,0.0,0,0,0,stn_257,98.60139842763972,0.0,0.0,0.0,0.0,0.0,0.0,0.0,0.0,0.0,0,0,0,stn_5741,133.6516841872678,0.0,0,0,0,0.0,0,0,0,0.0,0,0,0,0.0,0,0,0,0,0,0.0,0,0,0,0,0,0,0,0,0,0,0,0,0,0,0,0.0,0,0,0,0.0,0.0,0.0,0.0,0.0,0.0,0.0,0.0,0.0,0.0,0.0,0.0,0.0,0.0,0.0,0.0,0.0,0.0,0.0,0.0,0.0,0.0,0.0,0.0,0.0,0.0,0.0,0.0,0.0,0.0,0.0,0.0
gc_1334,gongcha_existing,Park City Musashi-Koyama THE MALL,"1F, Park City Musashi-Koyama, THE MALL, 3-15-1, Koyama, Shinagawa-ku",35.6197033,139.7045853,DOS,2022.0,3.463381245722108,500,586.8685162158,54.52184576199647,12.0,1,Roadside,Street-level (roadside), Tokyo,東京都,Shinagawa-ku,品川区,low_density,0,1.0,1,21,75,1.0,2,13,32,0.0,0,0,1,1.0,1,3,7,3.0,4,37,115,0.0,0,0,7,gc_1344,3.414106730039432,0.0,0,0,5,0.0,0,0,2,0.0,0,8,39,0.0,0.0,0.0,0.0,95275.63,22948.0,422217.63,171774.0,1.0,2,39,89,stn_6072,0.09030448369620203,53193.0,54004.0,90535.0,87011.0,2368855.0,2390529.0,8871880.0,8360084.0,0.0,0,0,1,stn_5737,3.3944736632210417,2.0,20,162,493,0.0,1,10,34,1.0,2,17,54,0.0,0,15,66,5564,3017,3073.1,7134067,190121366,43432259,26353844,181,136,208,295,410,89,74,96,158,216,417,1.0,3,28,76,24492.166666666668,25341.833333333332,26114.833333333332,26162.666666666668,26839.083333333332,27408.166666666668,27441.916666666668,27514.666666666668,58785.833333333336,63121.91666666667,66678.75,66993.83333333334,63237.416666666664,66795.91666666667,69606.83333333334,69593.41666666667,595599.6666666667,599901.0833333333,627808.1666666666,618596.4166666666,580378.8333333333,585004.4166666666,612846.8333333333,603595.5833333333,1564498.9166666665,1489487.9166666665,1485857.75,1459814.3333333335,1465542.6666666665,1419196.75,1455676.833333333,1427559.75
gc_1339,gongcha_existing,Chofu PARCO,"1F, Chofu PARCO, 1-38-1, Kojima-cho, Chofu-shi",35.652512,139.5432556,DOS,2023.0,3.049965776865161,500,686.532198261,63.780900815041676,5.0,1,Urban SC,Commercial building, Tokyo,東京都,Chofu City,調布市,low_density,0,2.0,2,2,12,0.0,0,1,4,0.0,0,0,0,1.0,1,3,5,3.0,3,6,21,0.0,0,0,0,gc_1539,6.082723064795313,0.0,0,0,0,0.0,0,0,0,2.0,3,7,12,56000.0,36316.0,61428.0,36316.0,109281.0,36316.0,159739.0,36316.0,1.0,2,12,32,stn_630,0.15708246108539692,130065.0,118575.0,146849.0,132072.0,472392.0,424936.0,1293070.0,1182437.0,0.0,0,0,0,stn_5738,17.488432303039755,0.0,6,70,206,0.0,1,3,15,0.0,0,5,20,0.0,0,1,6,2480,1356,1272.8,5693196,62089052,14218463,8664284,73,62,158,252,210,43,29,67,115,107,254,1.0,2,27,78,31010.083333333332,25884.416666666668,21861.0,21589.583333333332,28585.25,23650.5,20707.416666666668,20342.333333333332,44446.5,41080.083333333336,38064.833333333336,37896.416666666664,44771.25,40993.83333333333,38327.583333333336,38127.08333333333,282052.5,295603.1666666667,305384.6666666666,305533.5833333333,289838.9166666667,299894.1666666666,302656.5,304170.5,722125.4166666667,765704.25,808282.5000000001,806305.9166666666,759190.0,792695.9166666667,810429.9166666667,812475.75
gc_1341,gongcha_existing,Shapo Funabashi,"1F,Shapo Funabashi-south,7-1-1,Honcho,Funabashi-shi,Chiba",35.7015991,139.9847095,DOS,2023.0,2.836413415468857,500,616.6242198479999,57.28623989653874,21.0,1,Terminal,Terminal, Chiba,千葉県,Funabashi City,船橋市,low_density,0,3.0,3,7,12,1.0,1,1,2,1.0,1,1,2,2.0,3,6,8,7.0,8,15,24,0.0,0,1,3,gc_1489,1.6165454596287236,0.0,0,1,3,0.0,0,0,0,3.0,4,11,22,36334.0,16736.0,57568.0,16736.0,271449.0,79436.0,531646.0,98055.0,3.0,4,17,32,stn_7377,0.015320944665887282,486049.0,465944.0,494580.0,475293.0,1367685.0,1299784.0,1933209.0,1815060.0,0.0,0,0,0,stn_7685,18.76486044987854,0.0,12,59,147,0.0,0,2,3,0.0,1,3,12,0.0,5,8,15,1179,627,664.1,5283993,37224973,9543493,6179152,32,37,50,90,119,16,19,26,51,62,112,0.0,3,26,74,0.0,0.0,0.0,0.0,0.0,0.0,0.0,0.0,66632.58333333334,62729.75000000001,58624.333333333336,58151.416666666664,68077.25,63137.25000000001,60528.083333333336,59993.083333333336,286758.5,281028.75,274579.75,273614.25,291455.3333333333,283051.5,277554.5,276953.6666666667,621649.9166666667,631517.1818181818,637217.9166666667,636771.9444444445,638228.0,644775.5984848485,643803.2787878787,644750.6833333333
gc_1496,gongcha_existing,Shibuya dogenzaka-dori,"1F,dogenzaka-dori,2-25-12,Dogenzaka,Shibuya-ku,Tokyo",35.6598618,139.6972412,FC,2023.0,2.735112936344969,500,761.817713475,70.77515103496792,14.0,1,Urban SC,Commercial building, Tokyo,東京都,Shibuya-ku,渋谷区,low_density,0,1.0,20,57,132,1.0,6,14,66,0.0,0,3,7,0.0,0,4,7,2.0,26,78,212,1.0,2,3,9,gc_1366,0.21848749887148491,0.0,1,1,5,1.0,1,2,4,2.0,12,28,63,16046.0,15724.0,147703.0,69864.0,345744.38,98504.0,739005.63,335701.0,0.0,5,39,125,stn_605,0.270480974240612,0.0,0.0,2715712.0,2908666.0,5413423.0,5533300.0,14363020.0,13041633.0,0.0,0,0,0,stn_5737,5.125982844692871,0.0,34,216,573,0.0,2,18,57,0.0,1,23,69,0.0,23,63,127,563,186,475.4,7026609,46768573,10982448,6981911,5,8,10,85,74,4,4,3,22,18,33,0.0,3,26,75,0.0,0.0,0.0,0.0,0.0,0.0,0.0,0.0,178572.5833333333,125365.16666666666,71725.0,71577.5,132072.25,94988.5,74177.5,70469.33333333334,697521.8333333334,570242.25,471384.4166666667,463448.25,589325.0833333333,507328.4166666666,477711.5833333333,464577.0833333334,2036146.5833333333,1763449.0833333335,1593033.75,1560793.8333333335,1751825.4166666667,1572504.75,1572513.3333333335,1521664.1666666665
gc_1487,gongcha_existing,AEON MALL SAPPORO-HASSAMU,"1F, AEON MALL Hassamu, 12-1-1, Hassamu 8-jo Nishi-ku, Sapporo-shi, Hokkaido",43.0958288,141.2777545,FC,2023.0,3.080082135523614,500,726.3259705884001,67.47786164557414,20.0,1,Suburbs SC,Shopping Center, Hokkaido,北海道,Nishi-ku,西区,low_density,1,1.0,1,2,3,0.0,1,1,2,0.0,0,0,0,1.0,1,2,5,2.0,3,5,10,0.0,0,0,0,gc_1417,6.650270520975173,0.0,0,0,0,0.0,0,0,0,1.0,1,8,10,44280.0,0.0,44280.0,0.0,99252.0,0.0,113178.0,0.0,0.0,2,6,12,stn_9189,0.49291757075396075,0.0,0.0,38060.0,40190.0,97538.0,95216.0,201808.0,188156.0,0.0,0,0,0,stn_10109,142.14074179281963,0.0,5,47,124,0.0,0,0,2,0.0,0,2,12,0.0,0,0,6,668,364,274.3,4660955,16490787,3762409,2516676,28,25,35,35,41,13,14,21,19,24,67,0.0,4,31,80,0.0,0.0,0.0,0.0,0.0,0.0,0.0,0.0,33750.166666666664,31605.916666666668,29803.0,29907.833333333332,32510.416666666668,30403.749999999996,28799.916666666668,28920.833333333332,187725.08333333334,193402.1666666667,193918.41666666666,195196.4166666667,192863.0,195797.5,192798.9166666667,194558.5833333333,394425.775,412529.16060606064,420485.75000000006,423094.5833333333,407811.82727272727,422121.85714285716,422406.7651515152,425890.5833333333
gc_1495,gongcha_existing,LaLaport TACHIKAWA TACHIHI,"1F, LaLaport TACHIKAWA TACHIHI, 935-1, Izumicho, Tachikawa Shi, Tokyo",35.7127596,139.4180621,FC,2023.0,2.7734428473648185,500,527.7156114048,49.026363446340135,15.0,1,Suburbs SC,Commercial building, Tokyo,東京都,Tachikawa City,立川市,low_density,0,2.0,2,8,15,1.0,1,6,6,0.0,0,0,1,1.0,1,3,5,4.0,4,17,27,0.0,0,2,3,gc_1315,1.6380020473753298,0.0,0,2,3,0.0,0,0,0,1.0,1,13,18,63000.0,36600.0,63000.0,36600.0,206008.0,73570.0,393086.0,90031.0,1.0,3,16,29,stn_4930,0.19034146146979813,12986.0,14304.0,27701.0,28179.0,704248.0,657172.0,1003945.0,938591.0,0.0,0,0,0,stn_6949,28.365411583699863,0.0,11,88,214,0.0,2,6,11,0.0,3,12,22,0.0,0,14,20,0,0,0.0,0,0,0,0,0,0,0,0,0,0,0,0,0,0,0,1.0,3,29,76,17640.583333333332,10427.916666666666,5504.416666666667,5594.25,15464.083333333334,10384.75,7214.833333333333,7261.833333333333,49782.416666666664,37152.333333333336,28929.666666666668,28883.333333333332,44251.083333333336,34888.666666666664,29785.916666666668,29689.75,292944.0833333333,275125.5833333334,263538.5,263239.1666666667,289037.8333333334,274953.5,266533.1666666666,266472.75,608428.3333333334,606730.0,608345.3333333334,607991.8333333334,619988.0,616079.0833333333,611748.5,612564.1666666667
gc_1337,gongcha_existing,Tamagawa Takashimaya S・C,"B1F, Tamagawa Takashimaya S･C South bldg., 3-17-1, Tamagawa, Setagaya-ku",35.6131559,139.6265611,DOS,2023.0,3.378507871321013,500,719.8729264271999,66.87835448386615,5.0,1,Urban SC,Commercial building, Tokyo,東京都,Setagaya-ku,世田谷区,low_density,0,2.0,4,8,22,0.0,0,4,9,0.0,0,1,1,1.0,1,4,8,3.0,5,17,40,0.0,0,1,3,gc_1560,2.0020723600555788,0.0,0,1,3,0.0,0,0,0,3.0,4,6,14,111240.0,92073.0,132240.0,92073.0,181507.0,115028.0,229313.0,130181.0,1.0,2,13,39,stn_6012,0.19954003894198158,163140.0,140353.0,184874.0,161198.0,949152.0,868156.0,1968544.0,1799606.0,0.0,0,0,0,stn_5737,10.424423333355556,0.0,8,97,290,0.0,1,7,15,0.0,0,12,30,0.0,1,10,20,1312,735,664.7,6687980,46978765,10682183,6428592,69,55,55,68,82,32,26,31,39,43,128,0.0,3,28,76,0.0,0.0,0.0,0.0,0.0,0.0,0.0,0.0,60629.833333333336,50993.666666666664,44881.91666666667,44273.75,56498.833333333336,48636.83333333333,44136.416666666664,44015.916666666664,385628.25,392443.8333333333,404231.5,401853.5833333334,396603.25,398263.1666666667,397533.25,397497.3333333333,1011747.6666666666,1059351.0,1113227.9166666665,1108154.8333333333,1056150.4166666667,1090214.4166666667,1109194.5,1110109.5833333335
gc_1531,gongcha_existing,MITSUI OUTLET PARK MARINE PIA KOBE,兵庫県神戸市垂水区海岸通１２−２ 1F 三井アウトレットパークマリンピア神戸,34.6263274,135.0479656,FC,2024.0,1.4757015742642026,500,669.6825829512,62.21552100391533,12.0,1,Suburbs SC,Shopping Center, Hyōgo,兵庫県,Tarumi-ku,垂水区,low_density,0,1.0,2,3,3,1.0,1,1,1,0.0,0,0,0,0.0,1,1,2,2.0,4,5,6,0.0,0,0,0,gc_1434,5.447021001657442,0.0,0,0,0,0.0,0,0,0,0.0,3,4,8,0.0,0.0,23500.0,2823.0,31450.0,2823.0,89588.5,2823.0,0.0,3,8,14,stn_4071,0.6202776090852432,0.0,0.0,76110.0,68679.0,125220.0,112284.0,174839.0,152366.0,0.0,0,0,0,stn_4037,9.219075916791732,0.0,6,50,104,0.0,0,0,1,0.0,0,3,5,0.0,1,3,4,191,103,98.4,4686484,5840230,1120446,634165,5,4,2,5,10,2,2,1,3,6,8,0.0,4,17,42,0.0,0.0,0.0,0.0,0.0,0.0,0.0,0.0,30967.75,27401.916666666668,23483.833333333336,23660.416666666668,31658.083333333332,28211.5,25250.930555555555,25224.527777777777,109634.0,118818.0,124201.85606060605,124740.08333333334,117855.83333333333,125256.0,128562.21691919192,129205.52777777778,214404.0833333333,230018.58333333334,238966.77272727274,240223.75,228878.36666666667,240721.1590909091,245135.77752525255,246583.44444444447
gc_1490,gongcha_existing,AEON MALL KYOTO,"1F, AEON MALL KYOTO, 1, Nishikujotoriiguchicho, Minami-ku, Kyoto-shi, Kyoto",34.9827278,135.7544554,FC,2023.0,2.9021218343600275,500,487.20483417059995,45.26279070895125,13.0,1,Suburbs SC,Shopping Center, Kyoto,京都府,Minami-ku,南区,low_density,0,1.0,7,22,37,0.0,1,5,8,0.0,0,0,1,0.0,2,3,6,1.0,10,30,52,0.0,1,3,4,gc_1331,0.524333032626926,0.0,1,2,3,0.0,0,1,1,1.0,5,12,21,51000.0,0.0,122120.0,31888.0,275157.1,31888.0,419392.10000000003,31888.0,0.0,7,31,60,stn_1008,0.34891937199857603,0.0,0.0,696374.0,659363.0,1276519.0,1228615.0,1888618.0,1800724.0,0.0,1,1,1,stn_5748,0.4691163358087507,1.0,25,123,295,0.0,1,7,20,0.0,4,14,33,0.0,11,36,64,907,473,602.0,4342359,26757786,5214726,3094693,16,19,19,61,79,9,11,6,35,37,61,0.0,2,26,76,0.0,0.0,0.0,0.0,0.0,0.0,0.0,0.0,99511.83333333333,78446.25,45568.66666666667,47773.416666666664,80370.5,61634.75,40305.583333333336,41358.33333333333,460480.74999999994,399233.5833333333,314228.75,321348.1666666667,413541.0,361163.4166666666,304831.9166666667,307576.5833333334,940505.1666666666,863917.6666666665,765887.0,773773.8333333333,871877.8333333335,811245.9166666665,754359.1666666666,755320.5
gc_1411,gongcha_existing,Center-Kita,"3F, yotsubako, 1-1-5, Nakagawachuo, Tsuzuki-ku, Yokohama-shi",35.5538724,139.579091,FC,2020.0,6.028747433264887,500,703.3818135708,65.34628062616802,9.0,0,Roadside,Street-level (roadside), Kanagawa,神奈川県,Tsuzuki-ku,都筑区,low_density,0,2.0,3,7,12,0.0,0,4,9,0.0,0,0,1,1.0,1,3,6,3.0,4,14,28,0.0,0,0,1,gc_1575,4.0550656494375765,0.0,0,0,1,0.0,0,0,0,2.0,5,8,12,51138.0,17300.0,160502.0,45058.0,241778.0,66472.0,415721.0,136152.0,1.0,1,11,22,stn_474,0.1085704314003232,60889.0,36901.0,60889.0,36901.0,549928.0,377678.0,960113.0,721975.0,0.0,0,0,0,stn_5738,6.240690571998313,0.0,7,63,156,0.0,1,2,2,0.0,1,5,10,0.0,0,2,3,1886,1037,1100.0,6896500,63255672,16033627,8806217,71,70,71,99,142,37,34,36,62,83,169,1.0,4,27,75,30960.583333333332,24422.0,19070.833333333332,19236.75,31047.5,25771.75,20841.916666666668,21336.083333333332,57803.5,49732.833333333336,43055.41666666667,43447.083333333336,56608.16666666667,49678.833333333336,43256.583333333336,43976.50000000001,270267.5833333333,272185.6666666667,273729.0833333333,273929.1666666666,276979.8333333333,275941.6666666666,269118.75,270774.5,670728.7499999999,697050.5833333334,719935.1666666667,720010.1666666665,704839.8333333333,720371.75,717154.0,721531.3333333335
gc_1440,gongcha_existing,TOSU PREMIUM OUTLETS,"1F, TOSU PREMIUM OUTLETS, 8-1, Yayoigaoka, Tosu-shi",33.4061988,130.5110508,FC,2021.0,5.1854893908282,500,1459.8219902447997,135.62184235971262,51.0,1,Suburbs SC,Shopping Center, Saga,佐賀県,Tosu City,鳥栖市,low_density,1,1.0,1,1,4,1.0,1,1,1,0.0,0,0,0,0.0,0,0,1,2.0,2,2,6,0.0,0,0,0,gc_1517,10.444012907532217,0.0,0,0,0,0.0,0,0,0,1.0,1,1,5,31700.0,32700.0,31700.0,32700.0,31700.0,32700.0,120034.0,32700.0,0.0,0,5,14,stn_1504,1.6788507386829632,0.0,0.0,0.0,0.0,12313.0,11927.0,50757.0,48503.0,0.0,0,0,1,stn_9972,4.387181571382908,0.0,1,20,50,0.0,0,0,0,0.0,0,2,3,0.0,0,4,8,0,0,0.0,0,0,0,0,0,0,0,0,0,0,0,0,0,0,0,0.0,3,25,67,0.0,0.0,0.0,0.0,0.0,0.0,0.0,0.0,19180.583333333332,11221.5,5415.916666666667,6128.916666666666,11274.583333333332,7171.25,4210.0,4437.166666666667,47067.96666666666,38639.91666666667,32387.083333333336,32999.5,36492.399999999994,32801.47727272727,30483.524891774894,30522.631313131315,134844.40000000002,126601.38333333333,116726.73809523809,118059.80555555556,122523.66666666666,120627.31168831169,117289.70822510822,117618.73131313131
gc_1446,gongcha_existing,AEONMALL NATORI,"2F, AEON MALL NATORI, 5-3-1, Morisekinoshita, Natori-shi",38.1638573,140.8961163,FC,2021.0,5.070499657768652,500,1719.019264053,159.70204668831585,52.0,1,Suburbs SC,Shopping Center, Miyagi,宮城県,Natori City,名取市,low_density,0,2.0,2,3,3,0.0,0,1,1,0.0,0,0,0,1.0,1,1,2,3.0,3,5,6,0.0,0,0,0,gc_1457,10.911575555240512,0.0,0,0,0,0.0,0,0,0,1.0,2,3,4,80000.0,0.0,87451.0,0.0,93691.0,0.0,102446.0,0.0,1.0,1,5,7,stn_9844,0.16879488914100713,3556.0,3953.0,3556.0,3953.0,35590.0,33851.0,60971.0,58989.0,0.0,0,0,0,stn_7677,10.821931267739345,0.0,3,17,44,0.0,0,0,0,0.0,1,2,3,0.0,0,1,5,174,95,63.7,5180534,3454992,833199,526023,13,13,9,5,7,7,7,4,2,4,20,0.0,3,28,80,0.0,0.0,0.0,0.0,0.0,0.0,0.0,0.0,23438.166666666668,16443.5,11762.25,11834.083333333332,20191.0,14674.333333333332,10973.833333333334,11090.083333333332,66885.25,60772.83333333333,54350.916666666664,55090.333333333336,65696.0,59425.02272727272,54215.413636363635,54631.2,117630.98593073591,111821.4264069264,104468.15151515152,105434.43080808081,116046.37424242425,110436.29772727273,103122.21320346321,104226.85
gc_1445,gongcha_existing,AMUPLAZA KUMAMOTO,"1F, AMU PLAZA KUMAMOTO, 3-15-26, Kasuga, Nish-ku, Kumamoto-shi",32.789098,130.6882593,FC,2021.0,5.070499657768652,500,731.3450049359999,67.9441449935692,7.0,1,Suburbs SC,Terminal, Kumamoto,熊本県,Nishi-ku,西区,low_density,1,2.0,2,6,8,0.0,0,1,2,0.0,0,0,0,1.0,1,4,6,3.0,3,11,16,0.0,0,0,0,gc_1517,60.26346768907577,0.0,0,0,0,0.0,0,0,0,1.0,1,10,15,49200.0,30100.0,49200.0,30100.0,222709.74,30100.0,295574.74,30100.0,2.0,5,24,44,stn_1527,0.043928279611723624,38406.0,41691.0,40324.0,43266.0,76670.0,77021.0,118665.0,122354.0,1.0,1,1,1,stn_9967,0.14896888047556833,3.0,14,82,191,0.0,0,4,10,0.0,0,3,20,3.0,8,22,33,946,470,491.9,4188046,25249300,5268977,3040692,40,29,69,34,47,18,12,15,20,26,65,0.0,4,25,73,0.0,0.0,0.0,0.0,0.0,0.0,0.0,0.0,28888.583333333336,27983.5,27190.916666666668,27122.666666666668,32306.166666666664,29063.75,26657.583333333332,26706.083333333336,198443.1666666667,189040.58333333334,167909.8333333333,170862.33333333334,200002.83333333334,181667.8333333333,165897.0833333333,166311.41666666666,381852.6666666666,371069.43333333335,351155.75,353870.4166666667,386040.4972222222,368331.04365079367,353433.44696969696,353531.92424242425
gc_1500,gongcha_existing,AEON MALL SHIJONAWATE,"3F, AEON MALL SHIJONAWATE, 4-3-2, Suna, Shijonawate-shi, Osaka",34.7460181,135.6287981,FC,2023.0,2.5790554414784395,500,219.04499902740002,20.349937544642543,,1,Suburbs SC,Shopping Center, Osaka,大阪府,Shijonawate City,四條畷市,low_density,0,1.0,1,1,10,0.0,0,1,2,0.0,0,0,0,1.0,1,2,6,2.0,2,4,18,0.0,0,0,1,gc_1546,4.42651007681637,0.0,0,0,1,0.0,0,0,0,1.0,1,2,14,75000.0,0.0,75000.0,0.0,87220.0,0.0,372025.2,45100.0,0.0,0,6,17,stn_4579,1.49506818694178,0.0,0.0,0.0,0.0,158084.0,140178.0,450686.0,409182.0,0.0,0,0,0,stn_5753,11.845357903396842,0.0,11,103,227,0.0,0,7,9,0.0,0,4,12,0.0,0,2,2,0,0,0.0,0,0,0,0,0,0,0,0,0,0,0,0,0,0,0,0.0,4,27,75,0.0,0.0,0.0,0.0,0.0,0.0,0.0,0.0,41475.916666666664,37466.916666666664,33287.083333333336,33634.333333333336,39250.333333333336,36184.75,33021.666666666664,33343.0,236231.58333333334,252738.25,268868.6666666667,268573.0,245354.3333333333,260183.75,272730.0,272883.0,559460.0833333333,583183.1666666667,607307.0611111112,606685.9558080807,578912.7196969697,597187.1388888889,612079.9166666666,612514.6388888888
gc_1344,gongcha_existing,JIYUGAOKA,"1F, Kureo-building, 1-7-13, Jiyugaoka, Meguro-Ku, Tokyo",35.6073563,139.6700059,DOS,2023.0,2.409308692676249,500,1194.5301747288,110.97543682282969,30.0,1,Roadside,Street-level (roadside), Tokyo,東京都,Setagaya-ku,世田谷区,low_density,0,2.0,3,9,30,1.0,2,3,11,0.0,0,0,1,0.0,0,0,8,3.0,5,12,50,0.0,0,0,4,gc_1533,3.020797474946396,0.0,0,0,4,0.0,0,0,0,2.0,3,5,17,8024.0,0.0,13024.0,0.0,33261.0,4297.0,256514.68,111918.0,1.0,4,22,65,stn_6041,0.11859548704140137,156160.0,136588.0,193872.0,171553.0,762864.0,701893.0,3104147.0,3148472.0,0.0,0,0,0,stn_5737,6.802926848686503,2.0,18,140,385,0.0,0,10,19,0.0,2,13,40,1.0,4,9,31,1801,1054,1081.7,6922992,76845606,17572816,10681837,54,52,89,123,143,25,28,54,77,84,184,0.0,2,26,76,0.0,0.0,0.0,0.0,0.0,0.0,0.0,0.0,48517.0,43387.333333333336,38358.5,38366.5,49955.166666666664,46090.666666666664,42584.0,42936.5,348007.5,363186.75,380285.8333333333,379036.1666666667,358499.75,369695.75,375295.3333333333,376165.8333333334,1244306.166666667,1297768.0,1374055.1666666665,1363916.75,1287436.4166666667,1324019.6666666667,1358606.1666666667,1355250.0833333335
gc_1484,gongcha_existing,AEON MALL NARITA,"1F, AEON MALL Narita, 24, Uingutsuchiya, Narita Shi, Chiba",35.7955745,140.3187065,FC,2023.0,3.1731690622861053,500,649.6064455608,60.350387611935005,18.0,1,Suburbs SC,Shopping Center, Chiba,千葉県,Narita City,成田市,low_density,0,1.0,2,2,3,1.0,1,1,2,0.0,0,0,0,1.0,1,1,2,3.0,4,4,7,0.0,0,0,0,gc_1538,8.428539160360936,0.0,0,0,0,0.0,0,0,0,1.0,1,2,5,65000.0,0.0,65000.0,0.0,82910.0,0.0,148751.72999999998,9195.0,0.0,0,3,6,stn_7225,2.0937583346218576,0.0,0.0,0.0,0.0,70825.0,69699.0,86243.0,84433.0,0.0,0,0,0,stn_7685,49.6967006899182,0.0,1,24,45,0.0,0,0,1,0.0,0,3,4,0.0,0,3,4,17,7,6.9,4992754,373309,94396,59643,1,1,1,1,1,0,0,0,0,0,0,1.0,3,29,77,11734.916666666666,6341.416666666667,1875.5833333333333,2000.5,9675.333333333334,4986.583333333333,1463.25,1630.8333333333333,17545.333333333332,9730.666666666668,4063.6666666666665,4286.083333333333,14341.166666666666,8406.5,4299.833333333333,4547.833333333334,73303.33333333333,65508.916666666664,60449.58585858586,60582.97222222222,71371.97575757577,65964.0,62845.055555555555,63038.95952380952,124134.24999999999,115669.93939393939,109213.05808080807,109744.86388888888,121600.420995671,114941.15000000001,111166.16652236652,111389.52445887445
gc_1465,gongcha_existing,AEON MALL HANYU,"1F, AEON MALL HANYU, 2-281-3 Kawasaki, Hanyu-shi",36.1426771,139.5421333,FC,2022.0,4.16974674880219,500,1224.6443808143997,113.77313691080018,43.0,1,Suburbs SC,Shopping Center, Saitama,埼玉県,Hanyu City,羽生市,low_density,0,2.0,2,3,3,0.0,0,0,0,0.0,0,0,0,1.0,1,1,1,3.0,3,4,4,0.0,0,0,0,gc_1488,17.483981382538182,0.0,0,0,0,0.0,0,0,0,1.0,1,2,2,75000.0,0.0,75000.0,0.0,85240.0,0.0,85240.0,0.0,0.0,0,1,5,stn_8252,1.5388538744009013,0.0,0.0,0.0,0.0,3793.0,3326.0,22779.0,19302.0,0.0,0,0,0,stn_6950,13.697622208920418,0.0,0,13,38,0.0,0,1,1,0.0,0,3,5,0.0,0,0,2,2,1,1.1,4454545,54743,12137,7682,0,0,0,0,0,0,0,0,0,0,0,0.0,2,26,77,0.0,0.0,0.0,0.0,0.0,0.0,0.0,0.0,11001.25,5760.666666666666,1644.4166666666665,1808.75,8143.75,4645.833333333333,1928.0,2132.416666666667,32423.333333333332,27378.5,23376.300000000003,23612.57575757576,31404.916666666668,27115.333333333332,22507.61363636364,23126.583333333336,81578.55555555556,80011.86507936509,79505.175,79412.37575757576,83795.04292929293,81895.62121212122,78890.78073593075,79365.33809523808
gc_1376,gongcha_existing,Fukuoka PARCO,"B2, Fukuoka PARCO Annex, 2-11-1, Tenjin, Chuo-ku Fukuoka-shi",33.5907445,130.3986652,FC,2018.0,7.561943874058864,500,599.0575996314001,55.65424817855596,,1,Urban SC,Commercial building, Fukuoka,福岡県,Chuo-ku,中央区,low_density,1,8.0,15,31,39,3.0,3,7,12,1.0,1,3,3,1.0,2,6,11,13.0,21,47,65,1.0,1,4,5,gc_1522,0.09623749593142024,1.0,1,4,5,0.0,0,0,0,5.0,11,25,36,89916.08,78136.0,240900.08000000002,78136.0,608013.61,153016.0,805657.61,216946.0,2.0,6,23,37,stn_8775,0.05741371694141166,284443.0,260387.0,395781.0,395481.0,1081863.0,1172477.0,1370903.0,1472042.0,0.0,0,2,2,stn_9973,2.0890736795591565,0.0,23,146,264,0.0,0,1,10,0.0,1,12,23,0.0,18,75,88,17,6,9.2,5625000,418528,87437,44899,0,0,0,1,1,0,0,0,0,0,0,0.0,4,25,61,0.0,0.0,0.0,0.0,0.0,0.0,0.0,0.0,229955.16666666666,178456.4166666667,111478.58333333334,116166.66666666666,188978.0,147629.25,106560.75,107666.0,622465.9696969697,534383.5555555555,428264.0,434264.0,551265.0119047619,479205.25,421048.68333333335,418873.2333333333,1005568.7196969697,919833.0555555555,816537.75,821353.8333333333,917426.1785714286,853672.3333333333,805558.8500000001,801581.15
gc_1525,gongcha_existing,YOKOHAMA LANDMARK PLAZA,神奈川県横浜市西区みなとみらい２丁目２−１ 横浜ランドマークタワー ランドマークプラザ 1F,35.4552412,139.63125,FC,2024.0,1.6454483230663928,500,950.7485064168,88.32738849163997,35.0,1,Terminal,Commercial building, Kanagawa,神奈川県,Nishi-ku,西区,low_density,1,1.0,11,30,30,4.0,8,19,22,0.0,1,4,4,0.0,1,5,7,5.0,21,58,63,0.0,1,4,4,gc_1352,0.6431019289755714,0.0,1,4,4,0.0,0,0,0,2.0,10,27,31,60464.0,32678.0,199591.97999999998,60387.0,554369.98,197962.0,647285.98,197962.0,0.0,6,33,53,stn_442,0.29197584508406055,0.0,0.0,331574.0,312660.0,3136268.0,2852381.0,3646739.0,3286486.0,0.0,0,0,0,stn_5738,5.922334036538803,0.0,10,127,259,0.0,3,6,8,0.0,0,13,28,0.0,2,37,43,6,0,0.0,0,0,0,0,0,0,0,0,0,0,0,0,0,0,0,1.0,2,27,77,63469.0,38594.166666666664,21020.666666666668,20733.083333333332,45059.666666666664,30339.583333333332,24441.0,22896.5,105821.91666666666,63606.0,36496.0,35570.83333333333,74746.41666666666,50643.75,41472.91666666667,39058.416666666664,608983.8333333334,494078.75,399890.9166666666,399240.5,510819.31818181823,431069.196969697,390477.54761904763,384194.73333333334,979785.5833333334,891209.5833333333,822781.1363636362,820746.0000000001,901174.5681818182,846473.7803030303,820762.6309523811,815299.4833333334
gc_1532,gongcha_existing,Naka-Ikebukuro-koen,東京都豊島区東池袋１丁目１７−３ ウェルシャン池袋 102,35.7318611,139.714873,FC,2024.0,1.431895961670089,500,616.6242198479999,57.28623989653874,10.0,1,Roadside,Street-level (roadside), Tokyo,東京都,Toshima-ku,豊島区,low_density,0,3.0,14,22,63,2.0,7,15,43,1.0,2,2,7,1.0,3,5,10,7.0,26,44,123,0.0,1,2,6,gc_1317,0.5742084405775254,0.0,1,1,4,0.0,0,1,2,2.0,7,10,32,11506.0,0.0,206273.0,100902.0,228421.4,112315.0,433934.91,305674.0,0.0,9,48,125,stn_8314,0.3427202869693509,0.0,0.0,2723058.0,2425985.0,4893482.0,4370747.0,12796803.0,11054254.0,0.0,0,0,0,stn_7685,6.008218180855633,2.0,44,317,735,0.0,3,29,65,0.0,4,36,89,2.0,25,95,173,1109,416,850.7,5048431,42780012,9996679,6304271,9,10,46,121,160,4,4,20,51,60,79,0.0,4,26,74,0.0,0.0,0.0,0.0,0.0,0.0,0.0,0.0,244212.8333333333,185514.16666666666,123687.41666666666,124854.5,200495.66666666666,154834.75,123808.08333333333,121775.33333333333,706549.25,652270.5,608394.4166666667,604559.1666666667,657333.6666666667,620004.0833333334,606118.75,599584.4166666666,1880307.0,1758939.1666666665,1663311.9166666665,1648192.6666666667,1725505.6666666665,1649308.8333333335,1652684.7499999998,1626724.0833333333
gc_1415,gongcha_existing,JR TOYOHASHI STATION,"2F, Toyohashi station building kalmia, Mubanchi, Hanadachonishijuku, Toyohashi-shi",34.769123,137.382698650159,FC,2020.0,5.842573579739904,500,584.358999042,54.28870408799893,6.0,1,Urban SC,Commercial building, Aichi,愛知県,Toyohashi City,豊橋市,low_density,1,0.0,1,3,6,0.0,1,1,1,0.0,0,0,0,0.0,0,0,1,0.0,2,4,8,0.0,0,0,0,gc_1568,18.829361421658486,0.0,0,0,0,0.0,0,0,0,0.0,1,3,5,0.0,0.0,9000.0,0.0,35691.0,0.0,60119.0,0.0,0.0,8,17,28,stn_8872,0.612034901183418,0.0,0.0,119561.0,108940.0,126056.0,114721.0,150333.0,136664.0,0.0,1,1,1,stn_5751,0.70736830671877,1.0,13,55,108,0.0,0,2,4,0.0,0,5,11,0.0,7,14,17,959,487,419.5,5266269,19734739,4533973,2888458,42,40,47,41,52,15,24,23,20,23,82,1.0,2,28,76,7255.75,7418.416666666667,7085.416666666667,7149.916666666667,5947.416666666667,6111.083333333333,6361.666666666667,6358.0,22138.5,22217.166666666668,18358.0,18577.75,18717.916666666668,18451.333333333332,17736.25,17652.416666666664,132857.16666666666,134673.33333333334,132312.46212121213,132259.75,136460.4166666667,136239.25,135219.75,134920.05952380953,265778.5,273841.6666666666,276918.67424242425,276842.9924242424,275448.5833333334,280144.5151515152,281798.2121212121,281716.6011904762
gc_1488,gongcha_existing,SANO PREMIUEM OUTLETS,"1F, SANO PREMIUEM OUTLETS, 2058, Koenacho, Sano-shi, Tochigi",36.2914634,139.6051661,FC,2023.0,3.082819986310746,500,216.893984307,20.15010182407322,,1,Suburbs SC,Shopping Center, Tochigi,栃木県,Sano City,佐野市,low_density,0,1.0,3,3,5,0.0,0,0,0,0.0,0,0,0,0.0,1,1,1,1.0,4,4,6,0.0,0,0,0,gc_1465,17.483981382538182,0.0,0,0,0,0.0,0,0,0,1.0,2,3,3,37307.0,34000.0,70759.0,34000.0,79121.0,34000.0,79121.0,34000.0,0.0,0,0,5,stn_8298,3.0949038532277995,0.0,0.0,0.0,0.0,0.0,0.0,11790.0,10980.0,0.0,0,0,0,stn_7684,18.1954426926971,0.0,1,9,30,0.0,0,1,1,0.0,0,1,3,0.0,0,1,2,72,37,24.7,4661943,1451158,358080,229480,3,4,3,2,3,1,2,1,1,2,5,0.0,2,26,76,0.0,0.0,0.0,0.0,0.0,0.0,0.0,0.0,23033.916666666668,11990.5,3949.0,4605.583333333334,11750.75,6572.583333333334,2978.166666666667,3188.0,55990.0119047619,42353.71212121213,32219.30303030303,32899.68939393939,39638.07261904763,31158.677489177488,24683.783333333333,24958.130303030302,103777.98160173162,89941.87878787878,80000.79141414142,80444.7945887446,88401.88474025975,79648.7582972583,74348.66717171717,74313.39274891774
gc_1449,gongcha_existing,SEVEN PARK ARIO KASHIWA,"2F, SEVEN PARK ARIO KASHIWA, 1-6-1, Oshimata,Kashiwa-shi",35.8334485,140.012913,FC,2021.0,4.840520191649556,500,1404.2541099678,130.45941957833853,62.0,1,Suburbs SC,Shopping Center, Chiba,千葉県,Kashiwa City,柏市,low_density,0,1.0,1,1,4,1.0,1,1,2,0.0,0,0,1,0.0,1,1,3,2.0,3,3,10,0.0,0,0,1,gc_1373,4.8491452750784765,0.0,0,0,1,0.0,0,0,0,1.0,1,1,10,65000.0,0.0,65000.0,0.0,65000.0,0.0,250812.9,36861.0,0.0,0,1,8,stn_8383,2.865450771543959,0.0,0.0,0.0,0.0,14131.0,13182.0,540451.0,512775.0,0.0,0,0,0,stn_7685,25.098639730384,0.0,2,21,87,0.0,0,1,2,0.0,0,3,9,0.0,0,1,7,0,0,0.0,0,0,0,0,0,0,0,0,0,0,0,0,0,0,0,0.0,4,28,68,0.0,0.0,0.0,0.0,0.0,0.0,0.0,0.0,18961.75,11483.5,5804.583333333333,5999.833333333333,15497.333333333332,9989.5,6015.25,6105.666666666666,55646.83333333333,49943.91666666667,45353.22727272727,45783.492424242424,54359.66666666667,50125.41666666666,45885.13181818182,46390.16666666667,211600.83333333334,223779.08333333334,232023.31515151513,232816.32575757575,219670.16666666666,228764.58333333334,229208.06363636366,231179.14069264068
gc_1354,gongcha_existing,RINKU PREMIUM OUTLETS,大阪府泉佐野市りんくう往来南３−２８ 1F りんくうプレミアム・アウトレット Sea Side エリア,34.4070809,135.297553,DOS,2024.0,1.3990417522245038,500,430.20294407999995,39.96714411386424,,1,Suburbs SC,Shopping Center, Osaka,大阪府,Izumisano City,泉佐野市,low_density,0,0.0,2,2,4,1.0,2,2,2,0.0,0,0,0,0.0,0,0,3,1.0,4,4,9,0.0,0,0,0,gc_1456,26.802595094043348,0.0,0,0,0,0.0,0,0,0,1.0,2,2,5,50200.0,55600.0,83719.0,55600.0,83719.0,55600.0,224975.0,55600.0,0.0,3,5,14,stn_8441,0.46563637397212865,0.0,0.0,25726.0,29170.0,54128.0,56018.0,120487.0,115581.0,0.0,0,0,0,stn_4036,34.622548809121696,0.0,4,27,60,0.0,1,1,2,0.0,0,2,3,0.0,0,1,1,267,160,133.2,3750751,6740526,1221443,820553,16,11,19,19,13,8,4,9,11,8,32,0.0,4,20,52,0.0,0.0,0.0,0.0,0.0,0.0,0.0,0.0,30543.333333333332,23723.583333333332,18831.166666666668,19055.583333333336,27289.0,22433.5,18899.166666666668,18976.333333333336,70952.0,65806.0,62246.70833333333,62450.76666666666,71066.33333333334,67149.62121212122,64486.41111111111,64578.268939393936,160338.94444444444,155419.40000000002,152710.125,152913.76666666666,161131.28571428574,157392.0378787879,154975.9611111111,155291.7840909091
gc_1438,gongcha_existing,KUZUHA MALL,"1F, KUZUHA MALL, 15-1, Kuzuhahanazonocho, Hirakata-shi",34.8617913,135.676438,FC,2020.0,5.4072553045859,500,1183.166733327091,109.91973902628673,41.0,1,Suburbs SC,Shopping Center, Osaka,大阪府,Hirakata City,枚方市,low_density,0,2.0,2,3,6,1.0,1,1,3,0.0,0,0,0,1.0,1,1,3,4.0,4,5,12,0.0,0,0,0,gc_1524,5.529835561541349,0.0,0,0,0,0.0,0,0,0,1.0,1,3,6,72000.0,29939.0,72000.0,29939.0,113546.95999999999,29939.0,167243.96,29939.0,1.0,1,6,12,stn_695,0.0957043530222674,53290.0,47588.0,53290.0,47588.0,110433.0,102053.0,150703.0,137909.0,0.0,0,0,0,stn_5748,15.597691915034925,0.0,6,51,130,0.0,1,1,8,0.0,0,4,12,0.0,0,0,2,627,348,316.6,4758370,17425749,3159355,2124422,19,29,30,32,31,9,16,16,17,17,58,0.0,3,28,74,0.0,0.0,0.0,0.0,0.0,0.0,0.0,0.0,37005.166666666664,33639.5,30998.250000000004,31097.5,35402.5,32757.916666666668,30524.916666666664,30693.416666666668,161537.25,170380.33333333334,176873.5,177202.3333333333,166505.0833333333,175334.58333333334,179015.4166666667,179982.8333333333,336266.6666666666,347454.75,357099.3333333334,357578.0166666667,347309.3333333334,358853.0833333334,363995.5833333333,365455.1666666667
gc_1408,gongcha_existing,AMU PLAZA Kagoshima,"2F, AMU PLAZA KAGOSHIMA, 1-1, Chuo-cho, Kagoshima-shi",31.5845733,130.5427542,FC,2020.0,6.168377823408624,500,570.018900906,52.95646595087012,,1,Urban SC,Commercial building, Kagoshima,鹿児島県,Kagoshima City,鹿児島市,low_density,1,2.0,2,5,7,0.0,0,1,3,0.0,0,0,0,1.0,1,3,3,3.0,3,9,13,0.0,0,0,0,gc_1441,94.13693715233278,0.0,0,0,0,0.0,0,0,0,3.0,3,8,11,72424.0,31593.0,72424.0,31593.0,146814.0,31593.0,191878.0,31593.0,2.0,8,31,39,stn_1540,0.095556255808878,46016.0,46681.0,52837.0,53360.0,88712.0,95387.0,101080.0,109121.0,1.0,1,1,1,stn_1375,0.18588703838434997,0.0,25,102,164,0.0,1,5,7,0.0,4,9,15,0.0,9,22,24,556,318,398.1,3828184,18733980,3724140,2074161,14,17,29,35,35,7,8,14,25,23,54,0.0,2,26,66,0.0,0.0,0.0,0.0,0.0,0.0,0.0,0.0,58762.08333333333,53865.5,47663.16666666667,47794.5,60334.5,53452.0,46612.91666666667,46839.5,289570.8333333333,277390.5,262106.75,263575.6666666667,289530.75,276014.0,266118.9166666667,265921.9166666666,419911.9833333334,415791.1666666666,405671.88888888893,407406.93333333335,423438.47727272724,416867.65909090906,409248.9761904761,409753.0619047619
gc_1452,gongcha_existing,SMARK ISESAKI,"1F, SMARK Isesaki,368, Nishiobokata-cho, Isesaki-shi",36.3394603,139.2331519,FC,2021.0,4.632443531827516,500,684.3811835406,63.58106509447236,18.0,1,Suburbs SC,Shopping Center, Gunma,群馬県,Isesaki City,伊勢崎市,low_density,0,2.0,2,2,3,0.0,0,0,0,0.0,0,0,0,1.0,1,1,1,3.0,3,3,4,0.0,0,0,0,gc_1543,14.525799369363405,0.0,0,0,0,0.0,0,0,0,1.0,1,2,2,52900.0,24053.0,52900.0,24053.0,68020.0,24053.0,68020.0,24053.0,0.0,0,1,5,stn_8198,2.3275092972527047,0.0,0.0,0.0,0.0,3188.0,3116.0,25238.0,23914.0,0.0,0,0,0,stn_6946,14.257531530679282,0.0,0,12,51,0.0,0,0,0,0.0,0,1,7,0.0,0,0,4,171,89,60.6,4951320,3581943,689130,455895,11,9,10,9,11,5,5,5,4,5,19,0.0,3,27,76,0.0,0.0,0.0,0.0,0.0,0.0,0.0,0.0,10770.583333333334,7584.0,5401.916666666666,5436.833333333333,9472.166666666668,6750.333333333333,4777.833333333333,4870.916666666667,45280.666666666664,44526.33333333333,43631.58333333333,43818.0,46500.5,45809.166666666664,45529.0,45541.58333333333,104636.58333333333,106627.91666666666,107946.58333333334,107845.0,110620.41666666666,110853.25,111156.0,110809.25
gc_1535,gongcha_existing,minamoa HIROSHIMA,広島県広島市南区松原町２ ミナモア 広島 4F,34.3975434,132.4752005,FC,2025.0,1.163586584531143,500,720.589931334,66.9449663907226,29.0,1,Suburbs SC,Commercial building, Hiroshima,広島県,Minami-ku,南区,low_density,0,6.0,6,20,22,2.0,2,11,12,0.0,0,0,0,1.0,1,6,7,9.0,9,37,41,0.0,0,1,1,gc_1520,1.3075814583625995,0.0,0,1,1,0.0,0,0,0,3.0,3,14,16,65090.0,0.0,65090.0,0.0,428717.0,21731.0,467889.0,21731.0,2.0,10,49,74,stn_4129,0.05718912919756693,186875.0,175951.0,199084.0,186653.0,452788.0,423273.0,564584.0,520062.0,1.0,1,1,1,stn_4046,0.09951867579516585,0.0,25,129,227,0.0,2,5,11,0.0,1,16,24,0.0,13,37,45,846,408,451.2,5353834,22107624,4181788,2737825,35,28,49,34,29,15,15,24,16,18,70,0.0,4,26,73,0.0,0.0,0.0,0.0,0.0,0.0,0.0,0.0,105501.41666666666,92035.5,72627.25,73805.25,88539.16666666666,76511.33333333334,67617.0,66978.66666666667,429334.5833333334,379273.6666666667,329246.5,330184.5,393193.9166666667,352375.91666666674,328060.75,325051.3333333333,666419.1666666666,638061.4166666666,608749.0833333335,608628.0,641888.0416666666,618860.3333333333,608709.9242424243,605173.7803030303
gc_1340,gongcha_existing,ATRE OFUNA,"1F, ATRE OFUNA, 1-1-1, Ofuna, Kamakura-shi, Kanagawa",35.3540955,139.5313828,DOS,2023.0,2.924024640657084,500,458.883140352,42.63162038812185,4.0,1,Urban SC,Commercial building, Kanagawa,神奈川県,Kamakura City,鎌倉市,low_density,0,3.0,3,3,8,0.0,1,1,5,0.0,0,0,0,0.0,1,1,3,3.0,5,5,16,0.0,0,0,1,gc_1542,4.27975670742759,0.0,0,0,1,0.0,0,0,0,1.0,2,2,12,10500.0,18219.0,24454.0,18219.0,24454.0,18219.0,126815.0,41992.0,2.0,3,7,19,stn_7654,0.02091162900014121,227526.0,213714.0,231676.0,219436.0,299763.0,286705.0,908094.0,859606.0,0.0,0,0,0,stn_5738,18.746498756068487,0.0,8,62,171,0.0,2,3,6,0.0,0,8,18,0.0,0,0,6,937,515,479.6,5571518,31204677,7899344,4328684,35,32,27,47,80,14,21,14,30,41,79,1.0,3,29,75,24284.083333333332,20710.333333333332,17779.916666666668,17224.916666666668,25346.916666666668,21333.083333333332,19200.833333333332,18809.25,45496.08333333333,45145.58333333333,45098.5,44389.333333333336,47767.91666666667,46129.33333333333,45444.75,45021.416666666664,176301.75,185756.0,194628.6666666667,193875.9166666667,191868.8333333333,198745.83333333334,203979.75,203539.0833333333,464548.16666666674,473583.5,482100.1666666666,482144.6666666666,476011.49999999994,482774.4166666666,483262.3333333333,484884.3333333334
gc_1516,gongcha_existing,SHINJUKU MARUI,"B1F, SHINJUKU MARUI HONKAN,3-30-13,Shinjuku,Shinjuku-ku,Tokyo",35.6911184,139.7040537,FC,2024.0,1.9931553730321696,500,293.972011788,27.31088181114056,,1,Urban SC,Commercial building, Tokyo,東京都,Shinjuku-ku,新宿区,low_density,0,5.0,23,48,136,0.0,14,33,76,2.0,4,5,10,0.0,1,4,11,7.0,42,90,233,1.0,1,4,11,gc_1380,0.22290705485696044,0.0,0,1,7,1.0,1,3,4,2.0,15,29,69,24000.0,28463.0,225359.25,175209.0,368172.4,183581.0,922035.87,417392.0,1.0,14,59,139,stn_6136,0.015689550962361947,165247.0,152460.0,4030853.0,3314434.0,7532203.0,6412745.0,18304653.0,16328552.0,0.0,0,0,0,stn_7687,5.876463488498277,0.0,45,260,747,0.0,6,27,89,0.0,1,19,87,0.0,30,106,223,51,15,23.8,6008403,1468716,342316,214952,0,0,0,3,3,0,0,0,1,1,1,0.0,2,26,76,0.0,0.0,0.0,0.0,0.0,0.0,0.0,0.0,199510.4166666667,154412.66666666666,80509.0,85635.33333333334,147251.5,111046.75,78523.41666666667,77789.58333333334,879089.4166666667,711974.75,580355.0833333333,568582.5,711509.6666666667,602089.0833333334,578687.1666666667,556297.0833333333,2277402.666666667,1887118.0,1621245.0833333335,1584294.1666666667,1898231.0000000002,1648221.5,1619329.1666666667,1559989.9166666667
gc_1389,gongcha_existing,Nagoya Matsuzakaya,"2F, KiKiYOCOCHO, 3-16-1, Sakae, Naka-ku, Nagoya-shi",35.169392,136.907935029159,FC,2019.0,6.967830253251198,500,,,,1,Urban SC,NP, Aichi,愛知県,Naka-ku,中区,low_density,1,1.0,12,38,50,2.0,4,7,10,0.0,0,0,0,0.0,1,5,10,3.0,17,50,70,2.0,2,5,6,gc_1529,0.13795991855944514,2.0,2,5,6,0.0,0,0,0,5.0,11,28,40,27606.8,0.0,133911.8,35971.0,408632.57,80554.0,611543.3799999999,80554.0,2.0,6,40,78,stn_9399,0.08699298332537915,261892.0,251068.0,496358.0,485716.0,2631703.0,2533368.0,3373798.0,3242775.0,0.0,0,1,1,stn_5746,2.4465945430803777,0.0,23,180,388,0.0,0,9,26,0.0,0,9,30,0.0,16,82,115,19,8,11.8,5444915,556669,131607,88140,0,1,1,2,1,0,0,1,1,1,2,1.0,3,28,76,76996.33333333333,60818.083333333336,36762.916666666664,39247.916666666664,65769.75,47856.166666666664,31306.083333333332,31506.583333333332,173855.41666666666,124935.41666666667,72641.41666666666,76156.83333333333,148702.1666666667,103068.24999999999,66979.08333333333,66937.08333333333,703843.9166666666,567983.6666666665,433199.0833333333,432741.0,620994.4166666666,503154.5833333334,428699.74999999994,418924.6666666667,1178608.8333333335,1050820.25,926897.9166666667,923461.5000000002,1097630.5833333335,990225.0,927007.6666666667,915229.25
gc_1522,gongcha_existing,SOLARIA STEAGE,"1F, SOLARIA STEAGE bldg., 2-11-3 Tenjin, Chuo-ku, Fukuoka-shi, Fukuoka",33.589955,130.3990909,FC,2024.0,1.7659137577002053,500,700.5137939435999,65.07983299874226,27.0,1,Terminal,Commercial building, Fukuoka,福岡県,Chuo-ku,中央区,low_density,1,8.0,15,31,39,3.0,3,7,12,0.0,1,3,3,1.0,3,6,11,12.0,22,47,65,1.0,1,4,5,gc_1376,0.09623749593142024,1.0,1,4,5,0.0,0,0,0,6.0,11,25,36,127947.08,78136.0,240900.08000000002,78136.0,608013.61,153016.0,805657.61,216946.0,2.0,8,25,37,stn_3419,0.06421352131632542,284443.0,260387.0,458061.0,468193.0,1126835.0,1217143.0,1370903.0,1472042.0,0.0,0,2,2,stn_9973,2.04603651226242,0.0,24,148,266,0.0,0,1,10,0.0,1,11,23,0.0,18,75,88,20,6,10.1,5633663,473499,98659,50434,0,0,1,1,1,0,0,0,0,0,0,0.0,4,25,64,0.0,0.0,0.0,0.0,0.0,0.0,0.0,0.0,229955.16666666666,178456.4166666667,111478.58333333334,116166.66666666666,188978.0,147629.25,106560.75,107666.0,642887.4166666666,553494.1666666667,448797.75,453955.0833333334,569161.8333333334,496533.5833333334,441166.9166666666,437921.4166666666,1033012.3863636364,950446.1388888889,848877.3333333333,853879.6666666667,945432.8452380953,884067.6666666666,837516.0166666666,833633.8166666667
gc_1474,gongcha_existing,MIDORI Nagano,"3F,MIDORI Nagano,1-22-6 Minamichitose, Naganoshi",36.6443438,138.1884782,FC,2022.0,3.920602327173169,500,837.8202335958,77.83601316175061,23.0,1,Suburbs SC,Terminal, Nagano,長野県,Nagano City,長野市,low_density,1,2.0,2,3,5,2.0,2,3,4,0.0,0,0,0,0.0,0,0,2,4.0,4,6,11,0.0,0,0,0,gc_1562,7.4668700579214535,0.0,0,0,0,0.0,0,0,0,2.0,2,3,7,14090.0,10270.0,14090.0,10270.0,27802.0,10270.0,68331.0,10270.0,3.0,4,8,12,stn_5265,0.03834234028142901,52379.0,51399.0,53741.0,52423.0,62042.0,57955.0,74251.0,65731.0,1.0,1,1,1,stn_8135,0.1735518156308813,0.0,11,56,92,0.0,0,4,4,0.0,0,7,10,0.0,7,16,18,155,88,91.3,4938664,4222584,926018,576428,3,3,3,4,7,1,2,2,3,4,8,0.0,4,27,71,0.0,0.0,0.0,0.0,0.0,0.0,0.0,0.0,41553.58333333333,38037.66666666667,36294.33333333333,35393.33333333333,35565.25,33379.25,35672.16666666667,34191.25,144097.5,139223.5,139675.9166666667,138071.5,139268.1666666667,137009.41666666666,141087.75,138966.50000000003,244120.0409090909,241901.93333333335,243783.36388888885,242328.73333333334,242031.8772727273,241168.43055555556,245591.2619047619,243386.20634920636
gc_1509,gongcha_existing,Takadanobaba,"B1, San-fuji bldg., 1-34-1, Takadano-baba, Shinjuku-ku,Tokyo",35.7116772,139.7041177,FC,2024.0,2.130047912388775,500,501.90343476,46.62833479950828,,0,Roadside,Street-level (roadside), Tokyo,東京都,Shinjuku-ku,新宿区,low_density,0,1.0,2,46,82,1.0,2,38,53,0.0,0,6,8,1.0,1,6,10,3.0,5,96,153,0.0,0,4,8,gc_1317,1.9853974360706277,0.0,0,3,6,0.0,0,1,2,1.0,1,26,46,13967.4,5956.0,13967.4,5956.0,461294.12,282067.0,640870.87,315528.0,3.0,8,57,132,stn_4735,0.08624741213384421,925486.0,809212.0,1056702.0,928125.0,8864788.0,7660600.0,14137001.0,12226825.0,0.0,0,0,0,stn_7685,6.617483933294358,9.0,57,320,768,0.0,5,31,82,0.0,3,30,89,7.0,30,113,210,1977,929,1256.4,6127308,80516511,18567920,11452417,52,58,146,233,193,25,27,63,102,83,217,1.0,3,27,76,39912.083333333336,32838.666666666664,27202.25,26023.916666666668,33328.5,27907.083333333332,26998.0,25648.666666666668,82833.08333333334,72162.66666666666,65480.58333333334,63739.25,72249.75,65937.33333333333,66287.58333333333,64390.583333333336,991125.2500000001,828932.75,673842.1666666667,668335.25,840525.5833333333,723654.4166666667,673736.0,657328.8333333334,2097272.9166666665,1865018.25,1703002.5000000002,1679462.3333333333,1849496.4166666665,1705845.25,1697689.4166666667,1659598.9166666665
gc_1533,gongcha_existing,KOMAZAWA-DAIGAKU EKIMAE,東京都世田谷区上馬４丁目３ 駒沢大学駅西口ビル(1) 1 階・2階,35.6336359,139.6615356,FC,2024.0,1.4099931553730325,500,1375.5739136957998,127.79494330408089,54.0,1,Roadside,Street-level (roadside), Tokyo,東京都,Setagaya-ku,世田谷区,low_density,0,1.0,2,15,61,0.0,0,3,19,0.0,0,0,2,0.0,0,3,8,1.0,2,21,90,0.0,0,0,6,gc_1344,3.020797474946396,0.0,0,0,5,0.0,0,0,1,0.0,0,4,30,0.0,0.0,0.0,0.0,31565.0,0.0,396380.63,219093.0,1.0,1,19,75,stn_6014,0.08440255709037746,80468.0,74266.0,80468.0,74266.0,795541.0,753854.0,6582324.0,6756186.0,0.0,0,0,0,stn_5737,7.1133598148073505,1.0,12,163,414,0.0,2,11,28,0.0,0,19,49,1.0,1,18,54,3654,2026,2209.4,6672060,150602266,34503326,21041439,123,124,167,305,360,62,64,92,184,213,402,0.0,4,28,69,0.0,0.0,0.0,0.0,0.0,0.0,0.0,0.0,68120.16666666667,72215.58333333334,78106.75,77709.0,65403.16666666667,69153.16666666666,73818.91666666666,73295.58333333333,449786.66666666674,473769.9166666667,503811.5833333334,501396.6666666666,464930.4166666666,482085.4166666667,496247.6666666667,495172.4166666666,1214604.75,1212006.5,1217291.1666666667,1210356.4166666667,1208897.6666666665,1206810.3333333335,1213012.0833333335,1207589.5
gc_1478,gongcha_existing,AEON MALL KASUKABE,"1F, AEON MALL KASUKABE, 420-1, Shimoyanagi, Kasukabe-shi, Saitama",35.9880087,139.788773,FC,2022.0,3.4989733059548254,500,794.7999391878001,73.8392987503642,12.0,1,Suburbs SC,Shopping Center, Saitama,埼玉県,Kasukabe City,春日部市,low_density,0,1.0,1,1,2,0.0,0,0,1,0.0,0,0,0,1.0,1,1,2,2.0,2,2,5,0.0,0,0,0,gc_1497,12.007905554383145,0.0,0,0,0,0.0,0,0,0,1.0,1,1,3,56000.0,0.0,56000.0,0.0,56000.0,0.0,91325.0,0.0,0.0,0,2,9,stn_8397,1.286659548927723,0.0,0.0,0.0,0.0,21656.0,20368.0,169926.0,155335.0,0.0,0,0,0,stn_6949,17.46973626417059,0.0,1,25,58,0.0,0,0,0,0.0,0,3,7,0.0,0,0,1,6,3,1.3,5038462,74575,16583,10554,0,0,0,0,0,0,0,0,0,0,0,0.0,3,28,76,0.0,0.0,0.0,0.0,0.0,0.0,0.0,0.0,11271.666666666668,6754.75,3214.3333333333335,3385.5,9910.666666666666,6392.166666666667,3888.5,4012.333333333334,68979.16666666667,70946.91666666667,71679.92424242424,72068.26515151514,69810.39393939394,69821.60714285713,68384.55952380951,68930.0,186439.03333333333,194500.59848484845,199387.79924242425,199884.40404040404,194696.00432900435,198537.95714285714,198273.40674603175,199133.68333333335
gc_1456,gongcha_existing,AEON MALL SAKAITEPPOCHO,"1 Teppocho, Sakai Ward, Sakai, Osaka 590-0905, Japan",34.5944185,135.481599,FC,2021.0,4.514715947980835,500,549.2257586088,51.024720652033345,10.0,1,Suburbs SC,Shopping Center, Osaka,大阪府,Sakai-ku,堺区,low_density,0,1.0,1,4,7,0.0,0,0,1,0.0,0,0,0,1.0,1,3,9,2.0,2,7,17,0.0,0,0,0,gc_1508,6.2946326118308775,0.0,0,0,0,0.0,0,0,0,1.0,1,4,8,56000.0,0.0,56000.0,0.0,88442.01,0.0,190373.01,0.0,0.0,6,36,75,stn_8522,0.2670966632824737,0.0,0.0,15660.0,15092.0,335997.0,314456.0,924999.0,871714.0,0.0,0,0,0,stn_5753,15.5767205670623,0.0,5,107,253,0.0,0,4,6,0.0,0,8,18,0.0,0,2,17,859,455,452.1,4839084,25004269,4901527,3014478,16,22,38,61,31,5,8,17,34,14,64,1.0,2,27,76,12125.75,9173.833333333334,6724.75,6781.083333333333,10286.916666666666,8216.0,6213.166666666667,6335.833333333333,21864.416666666664,19350.583333333336,17230.0,17316.25,20641.833333333332,19085.833333333336,17212.333333333332,17401.75,281200.5833333333,289150.5833333333,298157.25,297318.1666666667,288892.0,296068.4166666667,301889.8333333333,301103.0833333333,668852.3333333333,686749.9166666667,707626.5,706061.0,683371.0833333333,699650.75,715253.875,713440.3333333334
gc_1523,gongcha_existing,IIDABASHI RAMLA,"2F, IIDABASHI RAMLA , 1-1 Kaguragashi, Shinjuku-ku, Tokyo",35.7006513,139.7437141,FC,2024.0,1.754962354551677,500,410.84381159640003,38.16862262874035,,1,Urban SC,Terminal, Tokyo,東京都,Chiyoda-ku,千代田区,low_density,1,4.0,9,57,183,0.0,4,32,111,0.0,0,1,10,0.0,0,0,10,4.0,13,90,314,0.0,0,5,15,gc_1536,1.021014603590298,0.0,0,4,11,0.0,0,1,4,1.0,1,22,98,4800.0,0.0,4800.0,0.0,211911.0,81184.0,1349362.56,490064.0,1.0,9,63,198,stn_7497,0.05703330500553002,185976.0,136818.0,1037644.0,817363.0,6040759.0,4925462.0,24091233.0,20215750.0,0.0,0,0,3,stn_7687,3.082592415485504,2.0,46,317,757,1.0,9,56,87,0.0,7,47,89,1.0,8,70,231,1970,1059,833.4,9101512,104114949,23724532,14331648,104,87,102,136,121,51,43,57,75,72,226,0.0,2,26,74,0.0,0.0,0.0,0.0,0.0,0.0,0.0,0.0,57423.33333333333,44502.33333333333,41698.5,38584.166666666664,42253.5,34496.333333333336,39693.666666666664,35884.5,776898.4166666667,598539.5,528173.25,501374.5833333334,586658.4166666667,488797.75,529730.3333333333,491069.75,2761110.166666667,2162582.0,1815266.75,1748115.2499999998,2140421.5,1762374.0833333335,1775380.4166666665,1671915.1666666665
gc_1353,gongcha_existing,atre KAMEIDO,"1F, atre KAMEIDO, 5-1-1 Kameido, Koto-ku, Tokyo",35.6977655,139.8264978,DOS,2024.0,1.68104038329911,500,440.958017682,40.96632271671084,5.0,1,Terminal,Terminal, Tokyo,東京都,Koto-ku,江東区,low_density,0,1.0,3,12,34,1.0,1,9,15,0.0,1,2,2,1.0,1,6,13,3.0,6,29,64,0.0,0,2,6,gc_1569,1.1173883087237904,0.0,0,2,6,0.0,0,0,0,1.0,4,14,34,13400.0,10680.0,97160.0,41345.0,315734.0,127343.0,586224.0,193504.0,2.0,4,28,81,stn_7384,0.048218312042549234,143553.0,135911.0,177466.0,168043.0,1846752.0,1670293.0,5967495.0,5152464.0,0.0,0,0,1,stn_7685,4.759714501166428,1.0,23,158,385,0.0,0,2,9,0.0,2,16,31,1.0,4,18,53,3102,1608,1806.3,6350302,97462965,22354543,13659802,89,85,121,263,316,47,41,59,140,163,287,0.0,4,26,75,0.0,0.0,0.0,0.0,0.0,0.0,0.0,0.0,118500.33333333334,110301.0,102032.08333333334,101832.0,108347.83333333334,100867.58333333333,96050.33333333333,95428.91666666667,495780.6666666666,496598.25,505681.1666666666,502329.5833333334,497326.8333333334,501379.6666666666,509151.6666666667,506518.0833333334,1364678.9166666665,1352838.4999999998,1394074.8333333335,1375796.3333333333,1325082.6666666667,1323631.1666666667,1382179.9166666665,1359353.3333333333
gc_1384,gongcha_existing,Matsudo,"1F, Kite Mite Matsudo, 1307-1, Matsudo, Matsudo-shi",35.7822724,139.8986919,FC,2023.0,3.236139630390144,500,1309.6094622702,121.6666478732884,40.0,1,Urban SC,Commercial building, Chiba,千葉県,Matsudo City,松戸市,low_density,0,0.0,1,2,5,1.0,2,3,5,0.0,0,0,1,0.0,1,1,3,1.0,4,6,14,0.0,0,0,0,gc_1503,5.94829539408317,0.0,0,0,0,0.0,0,0,0,1.0,4,5,9,62181.0,0.0,106744.0,0.0,114563.37,0.0,196673.37,0.0,0.0,2,10,25,stn_3244,0.30051816193002007,0.0,0.0,305522.0,273339.0,516577.0,477038.0,966737.0,910711.0,0.0,0,0,0,stn_7685,13.365613906776272,0.0,10,60,192,0.0,3,3,9,0.0,0,2,16,0.0,1,3,7,2774,1442,1463.6,4919172,80795958,20633701,13269362,91,81,119,215,247,48,41,55,112,121,256,0.0,4,28,73,0.0,0.0,0.0,0.0,0.0,0.0,0.0,0.0,54267.83333333334,52765.5,51645.25,51391.416666666664,56797.74999999999,55624.166666666664,55270.5,55073.75,207448.5,219355.4166666667,229278.3333333333,228974.08333333334,217852.58333333334,226573.16666666666,232046.0,232422.41666666666,512570.74999999994,554938.8333333333,590834.3333333333,590608.9166666666,539685.1666666666,570432.4166666667,586507.3333333334,588965.6666666666
gc_1506,gongcha_existing,AEON MALL HIGASHIURA,"1F, AEON MALL HIGASIURA, 13-2, Ogawa, asahi, Higashiura-cho, Chita-ｇun, Aichi",34.9785314,136.9745576,FC,2024.0,2.217659137577002,500,571.4529107195999,53.08968976458299,20.0,1,Suburbs SC,Shopping Center, Aichi,愛知県,Higashiura-cho,東浦町,low_density,0,2.0,2,2,4,0.0,0,0,0,0.0,0,0,0,1.0,1,1,3,3.0,3,3,7,0.0,0,0,0,gc_1541,9.807281211345078,0.0,0,0,0,0.0,0,0,0,1.0,1,1,6,75000.0,0.0,75000.0,0.0,75000.0,0.0,141468.0,0.0,0.0,1,6,13,stn_5932,0.3991359678218305,0.0,0.0,3792.0,3625.0,22922.0,21501.0,168315.0,144146.0,0.0,0,0,0,stn_5749,7.883033848575492,0.0,1,21,56,0.0,0,0,0,0.0,0,4,8,0.0,0,0,0,348,166,192.4,5898389,9767140,2232383,1408793,17,17,15,17,19,9,8,7,8,9,32,0.0,2,28,75,0.0,0.0,0.0,0.0,0.0,0.0,0.0,0.0,13113.833333333334,8977.833333333332,5344.25,5412.666666666666,12597.833333333334,8769.75,5649.0,5769.166666666667,62225.33333333333,62053.08333333333,63588.25,63158.63636363637,65381.16666666667,64834.75,65648.34090909091,65380.75,192146.3333333333,190713.66666666663,196480.91666666666,193801.30303030304,196135.3333333333,194758.33333333334,198845.17424242425,197091.58333333334
gc_1349,gongcha_existing,Atre YOTSUYA,"1F, atre YOTSUYA, 1-5-25, Yotsuya, Shinjuku-ku, Tokyo",35.6861755,139.7301411,DOS,2024.0,2.086242299794661,500,605.8691462459999,56.287061293692126,19.0,1,Urban SC,Commercial building, Tokyo,東京都,Shinjuku-ku,新宿区,low_density,0,1.0,6,73,204,0.0,4,45,120,0.0,0,5,9,0.0,0,2,7,1.0,10,125,340,0.0,0,4,15,gc_1523,2.0232077644695416,0.0,0,2,9,0.0,0,2,6,1.0,3,35,110,1540.0,2416.0,33764.0,2416.0,458838.0,224869.0,1415294.56,512637.0,1.0,8,67,192,stn_7510,0.0680002125741677,197262.0,177874.0,854683.0,710405.0,8864486.0,7184428.0,24384264.0,20838374.0,0.0,0,0,2,stn_7687,3.460337326032788,3.0,35,239,741,0.0,7,43,95,1.0,4,31,86,0.0,9,64,227,232,132,106.0,7211321,8251799,1882785,1139990,9,9,18,22,15,5,6,10,13,9,34,1.0,2,28,77,28167.583333333332,20665.5,19582.666666666668,17633.666666666668,21021.0,16766.416666666668,21015.666666666668,18377.75,48660.58333333333,35732.666666666664,31563.833333333336,29143.416666666668,34280.916666666664,26677.5,31966.0,28173.583333333336,890270.0,671168.8333333333,541548.6666666666,517402.25,668992.8333333334,528688.0833333333,534746.6666666667,495400.3333333334,2771404.8333333335,2130241.0833333335,1763642.666666667,1688451.9166666665,2138456.3333333335,1727402.5,1741099.8333333335,1628687.8333333335
gc_1485,gongcha_existing,AL. PLAZA KUSATSU,"1F, AL.PLAZA KUSATSU, 1-23-1, Nishi-shibukawa, Kusatsu-shi, Shiga",35.0253941,135.9584618,FC,2023.0,3.077344284736482,500,336.63380374260004,31.27429026909877,,1,Suburbs SC,Shopping Center, Shiga,滋賀県,Kusatsu City,草津市,low_density,0,1.0,2,5,5,0.0,0,0,0,0.0,0,0,0,1.0,1,2,2,2.0,3,7,7,0.0,0,0,0,gc_1558,5.271405038168011,0.0,0,0,0,0.0,0,0,0,1.0,2,4,4,74500.0,0.0,85749.0,0.0,103319.0,0.0,103319.0,0.0,0.0,1,3,5,stn_4338,0.4754776243341586,0.0,0.0,59138.0,59070.0,143976.0,130948.0,184680.0,172046.0,0.0,0,0,0,stn_5748,18.71922623628727,0.0,8,47,98,0.0,0,0,1,0.0,2,5,9,0.0,1,1,4,818,429,403.2,5390005,24519333,4504728,2503558,25,33,59,43,56,11,15,26,26,32,78,0.0,2,26,76,0.0,0.0,0.0,0.0,0.0,0.0,0.0,0.0,25629.333333333336,23224.25,21176.333333333336,21051.666666666668,27897.0,24824.5,21440.25,21649.166666666664,131671.5,133933.6666666667,135204.75,134868.4166666667,139798.1666666667,138900.3333333333,135162.66666666666,135662.16666666666,241217.3015873016,244463.84523809524,249656.16111111114,247996.6666666667,250393.6666666667,250142.08333333334,249136.04924242425,248621.2976190476
gc_1458,gongcha_existing,AEONMALL YAHATAHIGASHI,"1F, AEONMALL YAHATAHIGASHI, 3-2-102, Higashida, Yahatahigashi-ku, Kitakyushu-shi",33.8701943,130.8116261,FC,2021.0,4.495550992470911,500,1055.4312228096,98.05272689268027,24.0,1,Suburbs SC,Shopping Center, Fukuoka,福岡県,Yahatahigashi-ku,八幡東区,low_density,0,1.0,2,3,5,0.0,0,0,1,0.0,0,0,0,1.0,1,2,4,2.0,3,5,10,0.0,1,1,1,gc_1470,0.25821034132555276,0.0,1,1,1,0.0,0,0,0,1.0,2,5,7,48000.0,0.0,96000.0,0.0,138322.0,0.0,170967.0,0.0,0.0,1,4,15,stn_1472,0.5230674156745423,0.0,0.0,4492.0,6286.0,24448.0,24313.0,105040.0,97084.0,0.0,0,0,0,stn_4050,6.872018547256892,0.0,3,49,118,0.0,0,1,7,0.0,0,7,15,0.0,1,6,10,449,122,442.3,3510061,18330666,4253887,2456617,1,1,19,181,137,1,0,21,62,15,84,0.0,3,28,72,0.0,0.0,0.0,0.0,0.0,0.0,0.0,0.0,22737.583333333332,18437.833333333332,16058.75,15988.5,19273.083333333332,15851.75,15218.416666666666,14748.166666666668,104187.24999999999,100694.5,101127.08333333333,100224.66666666667,102635.41666666667,99951.08333333334,102043.66666666666,100832.25,214931.10606060608,218738.3777777778,226049.84722222222,224719.6884920635,217981.80569985567,220803.4428571429,230871.2582972583,228452.30663780664
gc_1477,gongcha_existing,FUKAYA-HANAZONO PREMIUM OUTLETS,"FUKAYA-HANAZONO PREMIUM OUTLETS, 169, Kuroda, Fukaya",36.1333164,139.2482958,FC,2022.0,3.5811088295687883,500,368.8990245485999,34.27182607763858,,1,Suburbs SC,Shopping Center, Saitama,埼玉県,Fukaya City,深谷市,low_density,0,1.0,1,1,1,1.0,1,1,1,0.0,0,0,0,0.0,0,0,0,2.0,2,2,2,0.0,0,0,0,gc_1512,22.49984350493912,0.0,0,0,0,0.0,0,0,0,1.0,1,1,1,27500.0,15900.0,27500.0,15900.0,27500.0,15900.0,27500.0,15900.0,0.0,1,3,10,stn_10125,0.2905627948538048,0.0,0.0,161.0,961.0,1628.0,2321.0,6725.0,8903.0,0.0,0,0,0,stn_6946,11.31352683813129,0.0,1,9,21,0.0,0,0,0,0.0,0,0,1,0.0,0,0,0,0,0,0.0,0,0,0,0,0,0,0,0,0,0,0,0,0,0,0,0.0,4,30,74,0.0,0.0,0.0,0.0,0.0,0.0,0.0,0.0,3573.083333333333,3700.75,3743.4166666666665,3745.75,3634.5000000000005,3860.8333333333335,3978.166666666667,3960.166666666667,26540.833333333332,25306.666666666664,23748.75,23815.0,29532.0,27866.0,26430.416666666668,26568.598484848488,52443.91666666667,51164.166666666664,49146.01190476191,49338.16111111111,53534.5,50646.88636363637,48255.411002886,48337.415151515146
gc_1521,gongcha_existing,Asakusa ROX,"1F, ROX･3G, 1-26-5, Asakusa, Taito-ku",35.7125584,139.7933217,FC,2024.0,1.7741273100616015,500,603.0011266188001,56.020613666266385,7.0,1,Urban SC,Commercial building, Tokyo,東京都,Taito-ku,台東区,low_density,1,1.0,3,29,92,0.0,3,13,50,0.0,0,1,3,1.0,1,6,12,2.0,7,49,157,0.0,0,5,11,gc_1327,1.5116732733572709,0.0,0,4,10,0.0,0,1,1,1.0,2,20,59,11350.0,0.0,29422.0,0.0,324949.0,140169.0,874071.1600000001,335399.0,1.0,5,64,153,stn_2953,0.17141732659976816,23500.0,24412.0,267399.0,258838.0,4958379.0,4334046.0,13852334.0,12013715.0,0.0,0,1,3,stn_7685,1.441303068321176,0.0,18,192,556,0.0,0,8,39,0.0,0,19,61,0.0,1,41,110,2566,1294,1398.7,6570244,75509595,17296459,10544891,70,59,107,171,161,34,32,48,76,73,190,1.0,3,29,77,58359.0,43992.166666666664,31523.5,32513.5,41190.083333333336,33345.083333333336,26876.833333333332,27371.166666666668,104662.91666666666,91673.41666666666,82529.41666666667,82979.5,87148.33333333334,80475.83333333334,77222.91666666666,76990.25,933879.2500000001,820224.6666666667,754478.8333333333,742909.4166666666,794335.1666666667,729954.75,743600.25,720821.4166666667,2016434.083333333,1792540.5,1715995.0,1672122.0833333335,1743626.3333333335,1622229.9166666667,1699812.9166666667,1639528.5
gc_1338,gongcha_existing,ATRE URAWA,"1F, AreaSouth, ATRE URAWA, 1-16-12, Takasago, Saitama-shi Urawa Ku, Saitama",35.8584133,139.657645,DOS,2023.0,3.058179329226557,500,262.4237958888,24.379957909457186,,1,Urban SC,Commercial building, Saitama,埼玉県,Urawa-ku,浦和区,low_density,0,2.0,4,6,10,1.0,3,4,5,0.0,0,1,2,2.0,2,4,5,5.0,9,15,22,0.0,0,0,0,gc_1555,5.217852371465029,0.0,0,0,0,0.0,0,0,0,3.0,4,10,15,79698.0,47876.0,88911.0,47876.0,146817.0,47876.0,335623.0,90776.0,1.0,1,6,15,stn_7827,0.04811378840949297,190128.0,181878.0,190128.0,181878.0,589292.0,553366.0,1101846.0,1044086.0,0.0,0,0,0,stn_6949,6.164332103144658,2.0,12,91,194,0.0,0,0,1,0.0,2,8,15,2.0,3,7,11,1573,866,821.3,6369658,49235801,11153666,7343169,61,51,70,107,125,31,27,41,61,70,160,0.0,2,26,76,0.0,0.0,0.0,0.0,0.0,0.0,0.0,0.0,54328.16666666667,47994.333333333336,42589.41666666667,42322.75,53164.16666666667,47699.41666666667,45013.0,44561.66666666667,333590.5833333333,352395.4166666666,367292.5833333334,366404.8333333334,345364.1666666666,357807.6666666666,366441.75,365634.8333333333,725737.5833333334,746108.0,757996.1666666666,757756.3666666666,740464.5,753462.3333333334,757403.107142857,758204.1000000001
gc_1479,gongcha_existing,Sannomiya OPA2,"2F, Sannomiya OPA２, 6-1-15, Kumoidori, Chuo-ku, Kobe-shi, Hyogo",34.6950723,135.1965639,FC,2022.0,3.4989733059548254,500,1216.7573268395997,113.04040593537933,27.0,1,Urban SC,Commercial building, Hyōgo,兵庫県,Chuo-ku,中央区,low_density,1,2.0,9,14,15,0.0,3,4,7,0.0,1,2,3,0.0,2,4,7,2.0,15,24,32,0.0,1,1,1,gc_1480,0.4172365928771886,0.0,1,1,1,0.0,0,0,0,2.0,12,21,30,32424.0,0.0,137548.0,17370.0,312191.0,20925.0,422862.9,24723.0,3.0,8,31,57,stn_30,0.1317848558939352,436703.0,418734.0,689883.0,638046.0,1207357.0,1068094.0,1521883.0,1347296.0,0.0,0,1,1,stn_4036,1.3490190854113215,3.0,24,110,198,0.0,2,6,11,0.0,0,10,22,3.0,18,34,37,2212,1203,1570.4,4930177,75927878,14858004,8703699,39,29,71,153,218,23,17,44,91,121,175,0.0,3,27,72,0.0,0.0,0.0,0.0,0.0,0.0,0.0,0.0,179540.91666666666,133193.25,74278.25,77564.08333333333,150516.8333333333,106593.75,66733.91666666666,66955.66666666666,366566.3333333333,293965.8333333333,215148.93888888886,218691.71666666665,319054.6666666666,259074.16666666666,209336.8212121212,208813.85,590223.706060606,508621.26363636367,426517.7526334777,429098.09076479083,537920.1658008657,474145.37857142853,425943.3785714286,423994.45000000007
gc_1501,gongcha_existing,AEON MALL TSUDANUMA,"1F, AEON MALL TSUDANUMA, 23-1, Tsudanuma, Narashino-shi, Chiba",35.6905359,140.0248404,FC,2023.0,2.466803559206024,500,590.8120432032,54.88821124970689,16.0,1,Suburbs SC,Shopping Center, Chiba,千葉県,Narashino City,習志野市,low_density,0,2.0,3,3,16,1.0,1,1,4,0.0,0,0,2,1.0,1,3,10,4.0,5,7,32,0.0,0,0,3,gc_1489,3.3685480084843964,0.0,0,0,3,0.0,0,0,0,3.0,7,10,26,55840.0,0.0,137784.0,0.0,221437.0,0.0,646802.0,79436.0,1.0,4,15,31,stn_3237,0.10700654057343506,68731.0,60382.0,336949.0,297797.0,638000.0,586153.0,1476765.0,1392041.0,0.0,0,0,0,stn_7685,22.487705208844904,0.0,11,80,175,0.0,1,3,10,0.0,0,6,15,0.0,6,8,14,1443,736,757.1,5385220,44438304,11377832,7349974,40,43,47,113,151,20,23,16,51,68,110,0.0,4,28,70,0.0,0.0,0.0,0.0,0.0,0.0,0.0,0.0,80669.83333333334,81662.0,82936.58333333334,82585.0,82242.58333333333,82045.5,82467.33333333333,82275.16666666667,311464.0833333333,325103.5833333334,334286.25,334617.0833333333,319746.3333333333,331000.25,334627.49999999994,335877.75,627030.9166666667,622020.3333333334,615566.9166666666,615490.4166666666,640306.8333333334,632513.5378787878,621924.4166666667,623278.75
gc_1505,gongcha_existing,AEON MALL NAGOYADOMEMAE,"2F, AEON MALL NAGOYADOMEMAE, 4-102-3, Yadaminami, Higashi-ku, Nagoya-shi, Aichi",35.1888832,136.9446932,FC,2023.0,2.406570841889117,500,469.638213954,43.63079899096846,4.0,1,Suburbs SC,Shopping Center, Aichi,愛知県,Higashi-ku,東区,low_density,1,2.0,3,9,30,1.0,1,1,5,0.0,0,0,0,1.0,1,3,6,4.0,5,13,41,0.0,0,0,4,gc_1567,3.544430180021858,0.0,0,0,4,0.0,0,0,0,0.0,2,5,27,0.0,0.0,63708.81,0.0,96949.81,0.0,343087.48,40390.0,0.0,9,30,64,stn_9449,0.2358597637715923,0.0,0.0,191619.0,178759.0,510587.0,479579.0,1552183.0,1494066.0,0.0,0,0,0,stn_5746,6.134959774792245,2.0,13,127,287,1.0,3,8,19,0.0,3,11,26,0.0,0,21,51,133,72,72.6,6245179,3820117,881809,566579,3,5,7,11,9,1,3,3,5,6,12,1.0,2,28,77,29162.416666666668,18955.666666666668,7222.333333333333,7199.583333333333,16906.0,10800.166666666666,7777.166666666667,7410.666666666667,38963.75,28388.166666666668,16690.666666666668,16506.5,26654.0,20336.583333333332,17264.25,16833.583333333332,300657.5833333334,305169.9166666666,308017.8333333333,306045.6666666667,301251.4166666666,308903.4166666666,316276.9166666667,315012.0,864258.25,818324.1666666666,781725.3333333334,779256.6666666665,842731.25,806599.3333333333,790046.5,784621.4166666666
gc_1355,gongcha_existing,Sagamiono station SQUARE,"3F, Sagamiono station SQUARE, 3-8-1, Sagamiono, Minami-ku, Sagamihara-shi",35.5320134,139.4371844,DOS,2025.0,1.215605749486653,500,812.7250618578,75.50459642177519,18.0,1,Terminal,Terminal, Kanagawa,神奈川県,Minami-ku,南区,low_density,0,1.0,1,10,14,1.0,2,9,11,0.0,0,2,3,1.0,1,2,6,3.0,4,23,34,0.0,0,1,2,gc_1537,1.4546695963867287,0.0,0,1,2,0.0,0,0,0,2.0,3,14,22,59076.0,20635.0,65065.0,22944.0,190065.0,44290.0,378939.0,83372.0,1.0,1,7,17,stn_3030,0.06670598507793749,127169.0,117415.0,127169.0,117415.0,927378.0,836304.0,1236850.0,1130094.0,0.0,0,0,0,stn_5738,16.560995904626267,0.0,17,91,203,0.0,2,2,10,0.0,2,7,15,0.0,0,13,14,2548,1431,1399.5,5103323,75404616,16757234,11419750,127,106,107,165,170,72,56,66,111,97,305,0.0,4,27,72,0.0,0.0,0.0,0.0,0.0,0.0,0.0,0.0,81003.91666666667,82302.58333333333,82275.33333333333,82284.58333333334,82664.75,83405.66666666667,82022.75,82412.0,345165.5833333333,353253.75,356870.1666666666,357348.6666666666,349114.0,352906.1666666666,351096.0833333334,352491.1666666667,661769.25,687160.25,704406.75,705534.0,695758.25,707245.5,707866.0,710452.1666666665
gc_1453,gongcha_existing,iias KASUGAI,"1F, iias KASUGAI,368, Rokkenya-chotokyu, Kasugai-shi",34.727686,136.982550152516,FC,2021.0,4.572210814510609,500,428.05192935959997,39.76730839329492,,1,Suburbs SC,Shopping Center,,,,,low_density,0,0.0,0,0,0,0.0,0,0,0,0.0,0,0,0,0.0,0,0,0,0.0,0,0,0,0.0,0,0,0,gc_1482,22.397217112180712,0.0,0,0,0,0.0,0,0,0,0.0,0,0,0,0.0,0.0,0.0,0.0,0.0,0.0,0.0,0.0,0.0,0,0,0,stn_9496,8.518441426208616,0.0,0.0,0.0,0.0,0.0,0.0,0.0,0.0,0.0,0,0,0,stn_5749,27.758796903234636,0.0,0,1,3,0.0,0,0,0,0.0,0,0,0,0.0,0,0,0,0,0,0.0,0,0,0,0,0,0,0,0,0,0,0,0,0,0,0,0.0,0,12,33,0.0,0.0,0.0,0.0,0.0,0.0,0.0,0.0,0.0,0.0,0.0,0.0,0.0,0.0,0.0,0.0,6375.566666666667,6265.35606060606,6275.241666666667,6366.225757575758,7003.723809523809,7211.166666666666,7407.377777777778,7440.884199134199,13282.483333333332,11955.151515151516,10386.44166666667,10833.653571428571,13214.8,12571.23694083694,11976.623953823953,12159.000108225107
gc_1545,gongcha_existing,FASHION CRUISE HITACHINAKA,茨城県ひたちなか市新光町３５ ニューポートひたちなかファッションクルーズ 2F,36.4052457,140.5868654,FC,2025.0,1.0704996577686516,500,1387.4044946580002,128.8940397672122,38.0,1,Suburbs SC,Shopping Center, Ibaraki,茨城県,Hitachinaka City,ひたちな,low_density,0,0.0,2,2,2,1.0,2,2,2,0.0,0,0,0,0.0,1,1,1,1.0,5,5,5,0.0,0,0,0,gc_1431,10.635036457660842,0.0,0,0,0,0.0,0,0,0,1.0,1,1,1,60039.0,0.0,60039.0,0.0,60039.0,0.0,60039.0,0.0,0.0,0,0,4,stn_9946,3.3291829814323384,0.0,0.0,0.0,0.0,0.0,0.0,263.0,861.0,0.0,0,0,0,stn_7683,63.90268225524655,0.0,0,4,18,0.0,0,0,0,0.0,0,2,3,0.0,0,0,1,0,0,0.0,0,0,0,0,0,0,0,0,0,0,0,0,0,0,0,0.0,3,29,71,0.0,0.0,0.0,0.0,0.0,0.0,0.0,0.0,17164.083333333332,8090.0,1824.8333333333333,2023.9999999999998,12432.25,6356.583333333333,2667.2500000000005,2723.5,44823.083333333336,30060.75,20464.719696969696,20689.007575757576,35018.16666666667,25571.333333333332,21062.858333333334,20878.243939393942,85162.61616161617,72618.24696969698,64353.442424242436,64693.793939393945,77673.26060606062,68945.51262626261,64344.47297979797,64393.166666666664
gc_1529,gongcha_existing,SakaeChika,愛知県名古屋市中区栄３丁目４−６ 先 サカエチカ東エリア,35.168909,136.906537,FC,2024.0,1.5085557837097878,500,454.58111091119997,42.23194894698321,,1,Urban SC,Commercial building, Aichi,愛知県,Naka-ku,中区,low_density,1,2.0,12,38,50,2.0,4,7,10,0.0,0,0,0,0.0,1,5,10,4.0,17,50,70,1.0,2,5,6,gc_1389,0.13795991855944514,1.0,2,5,6,0.0,0,0,0,6.0,12,28,40,58656.8,0.0,136159.8,35971.0,408632.57,80554.0,611543.3799999999,80554.0,1.0,5,41,79,stn_9399,0.22079551212907716,219802.0,211709.0,477584.0,467213.0,2804090.0,2699419.0,3391520.0,3258230.0,0.0,0,1,1,stn_5746,2.323140162950676,0.0,21,183,388,0.0,0,9,26,0.0,0,9,29,0.0,17,84,115,30,17,18.4,5475543,863603,203973,136381,1,1,2,2,2,0,0,1,2,1,3,0.0,2,27,78,0.0,0.0,0.0,0.0,0.0,0.0,0.0,0.0,148583.5833333333,101490.08333333334,52291.916666666664,55756.08333333333,127005.83333333334,83511.66666666666,47977.08333333333,48665.08333333333,687397.75,551441.75,416942.5,416602.5,603442.25,485443.0,410986.1666666666,401383.25,1193668.9166666667,1066809.5,943622.75,940210.7500000001,1112019.75,1004855.3333333334,941641.3333333334,929949.9166666667
gc_1373,gongcha_existing,Kashiwa MODI,"1F, Kashiwa MODI, 1-2-26, Kashiwa, Kashiwa-shi",35.8607006,139.9709117,FC,2016.0,9.557837097878163,500,466.05318942,43.29773945668626,,1,Urban SC,Commercial building, Chiba,千葉県,Kashiwa City,柏市,low_density,0,1.0,3,5,12,1.0,1,2,6,1.0,1,1,1,1.0,1,3,5,4.0,6,11,24,0.0,0,0,2,gc_1378,4.800239745056368,0.0,0,0,2,0.0,0,0,0,5.0,6,10,21,79219.0,7830.0,129810.0,32148.0,205735.0,32148.0,489834.9,100261.0,2.0,2,6,13,stn_8379,0.14838371911019835,400105.0,379914.0,400105.0,379914.0,540502.0,512261.0,854880.0,829612.0,0.0,0,0,0,stn_7685,23.943830019826244,1.0,14,55,148,0.0,0,1,6,0.0,1,5,11,0.0,5,8,11,1702,776,802.6,5534575,52111419,13297843,8539981,60,53,80,118,108,33,22,39,39,34,133,1.0,3,28,75,41220.416666666664,32506.5,23663.666666666668,23595.75,38593.333333333336,29159.666666666668,22616.333333333332,22345.083333333332,66626.5,59362.08333333333,51204.75,51149.166666666664,66281.58333333334,58066.416666666664,51716.49999999999,51598.416666666664,231705.3333333333,236436.25,235956.25,236980.00000000003,241455.3333333333,242407.1666666667,237240.83333333334,238964.75,456801.83333333326,470123.4166666667,475231.0,477061.99999999994,479609.4166666666,485284.5,477005.4166666667,481043.4166666667
gc_1441,gongcha_existing,AEONMALL Miyazaki,"1F, AEON MALL MIYAZAKI, 862-1, Eguchi, Shinbeppucho, Miyazaki-shi",31.9230827,131.455326,FC,2021.0,5.169062286105407,500,1165.13297355,108.24434864171566,24.0,1,Suburbs SC,Shopping Center, Miyazaki,宮崎県,Miyazaki City,宮崎市,low_density,0,2.0,3,6,8,1.0,1,2,2,0.0,0,0,0,1.0,1,2,4,4.0,5,10,14,0.0,0,0,0,gc_1408,94.13693715233278,0.0,0,0,0,0.0,0,0,0,1.0,1,4,7,84000.0,0.0,84000.0,0.0,122770.0,7985.0,177725.0,7985.0,0.0,0,2,4,stn_1799,2.3447374885515573,0.0,0.0,0.0,0.0,10972.0,12458.0,14712.0,16724.0,0.0,0,0,0,stn_1375,94.32219620628516,0.0,2,39,84,0.0,0,0,3,0.0,0,4,7,0.0,0,12,15,0,0,0.0,0,0,0,0,0,0,0,0,0,0,0,0,0,0,0,0.0,2,23,54,0.0,0.0,0.0,0.0,0.0,0.0,0.0,0.0,19099.416666666664,10502.583333333332,4496.333333333333,4645.833333333333,18146.833333333332,10090.666666666668,4532.5,4591.333333333333,103994.21666666667,94733.19444444444,89249.43333333333,89083.83333333333,112002.70833333333,99061.61904761905,89209.58333333333,89281.45833333334,224719.38333333333,219932.77777777775,210763.1939393939,211937.19696969696,239559.7916666667,226302.11904761905,212505.41666666666,213439.20833333334
gc_1481,gongcha_existing,NIKKE COLTON PLAZA,"2F, Center Mall, 1-1-1, NIKKE COLTON PLAZA, Onitaka, Ichikawa-shi, Chiba",35.7164589,139.9345409,FC,2022.0,3.4113620807665983,500,1122.4711815954,104.28094018375744,28.0,1,Suburbs SC,Commercial building, Chiba,千葉県,Ichikawa City,市川市,low_density,0,2.0,2,6,10,0.0,2,3,4,1.0,1,1,2,1.0,2,3,7,4.0,7,13,23,0.0,0,1,2,gc_1503,2.837734610113228,0.0,0,1,2,0.0,0,0,0,1.0,4,8,16,71000.0,18619.0,103194.0,26421.0,159941.0,42022.0,277378.0,58758.0,0.0,4,17,31,stn_811,0.4745568369185966,0.0,0.0,178059.0,164090.0,1263139.0,1153868.0,1999828.0,1862697.0,0.0,0,0,0,stn_7685,14.192783998704288,0.0,6,82,190,0.0,0,2,6,0.0,0,9,17,0.0,0,2,3,712,371,346.6,5667340,22083056,5623740,3598666,24,23,32,55,63,12,12,16,27,31,67,0.0,4,26,74,0.0,0.0,0.0,0.0,0.0,0.0,0.0,0.0,76964.66666666667,75471.0,74963.41666666666,74494.91666666666,81753.25,79255.5,76716.75,76820.5,307870.4166666666,325932.3333333333,339821.25,339337.1666666666,321170.3333333334,334726.5833333334,340447.75,341013.9166666666,704112.7499999999,754144.9166666667,794215.8333333333,793025.6666666666,734776.75,771303.5,788719.0833333333,790845.1666666667
gc_1343,gongcha_existing,Ario KITASUNA,"1F, Ario KiTASUNA, 17-1, Kitasuna, Koto-ku, Tokyo",35.6823582,139.825759,DOS,2023.0,2.4449007529089664,500,480.75179000939994,44.66328354724328,,1,Suburbs SC,Commercial building, Tokyo,東京都,Koto-ku,江東区,low_density,0,1.0,1,11,37,0.0,0,4,22,0.0,0,1,2,1.0,1,5,13,2.0,2,21,74,0.0,0,2,5,gc_1353,1.714514716567504,0.0,0,2,5,0.0,0,0,0,1.0,1,14,30,33300.0,0.0,33300.0,0.0,324390.0,90205.0,702867.0,202635.0,0.0,1,21,78,stn_6293,0.7788056062724521,0.0,0.0,29561.0,27698.0,1453426.0,1212110.0,5682872.0,4855959.0,0.0,0,0,0,stn_7687,5.223455912236967,0.0,21,140,356,0.0,0,2,9,0.0,2,11,31,0.0,1,15,51,4135,2104,1571.3,6699103,98377060,22253336,13268030,163,228,281,294,245,86,119,138,117,112,460,0.0,4,28,71,0.0,0.0,0.0,0.0,0.0,0.0,0.0,0.0,76862.08333333334,79850.75,84895.83333333334,84106.58333333333,82200.75,84156.0,86465.33333333333,86147.91666666667,509127.75,519138.8333333334,543106.5833333334,536712.25,515212.4166666667,520687.0833333333,539485.0,533142.5833333333,1273283.1666666667,1250474.6666666667,1292923.5833333335,1271224.0833333333,1230179.25,1219661.9166666667,1279857.0,1254930.4166666667
gc_1486,gongcha_existing,MALera Gifu,"1F,MALera Gifu 1100,Mituhashi,Motosushi,Gifu",35.4528263,136.6720176,FC,2023.0,3.0882956878850103,500,609.4541707799999,56.62012082797433,10.0,1,Suburbs SC,Shopping Center, Gifu,岐阜県,Motosu City,本巣市,low_density,0,0.0,2,3,3,0.0,0,0,0,0.0,0,0,0,1.0,1,1,1,1.0,3,4,4,0.0,0,0,0,gc_1499,15.255685185719013,0.0,0,0,0,0.0,0,0,0,1.0,1,2,5,75000.0,28641.0,75000.0,28641.0,90367.0,28641.0,127613.0,28641.0,0.0,1,3,5,stn_5135,0.31452911902502306,0.0,0.0,242.0,235.0,513.0,521.0,685.0,695.0,0.0,0,0,0,stn_5745,15.294110917302579,0.0,3,20,54,0.0,0,0,1,0.0,0,3,3,0.0,1,2,4,125,72,45.3,5072848,2310504,525814,352473,4,7,6,7,6,2,4,4,4,2,14,0.0,3,27,77,0.0,0.0,0.0,0.0,0.0,0.0,0.0,0.0,13100.666666666668,7905.5,3950.75,4086.583333333333,10943.250000000002,6808.249999999999,3838.6666666666665,3972.833333333333,42010.583333333336,38685.25,36234.719696969696,36473.47727272727,40962.66666666667,38571.16666666667,35744.700000000004,36324.34848484849,100088.66666666666,101277.91666666666,101742.2196969697,102376.31060606061,104355.78333333333,103814.33333333331,99949.97777777776,101350.49848484847
gc_1492,gongcha_existing,AEON MALL YACHIYO-MIDORIGAOKA,"2F, AEON MALL Yachiyomidorigaoka, 2-1-3, Midorigaoka, Yachiyo-Shi, Chiba",35.7278679,140.0731698,FC,2023.0,2.8856947296372346,500,802.6869931626001,74.57202972578503,19.0,1,Suburbs SC,Shopping Center, Chiba,千葉県,Ychiyo City,八千代市,low_density,0,1.0,1,1,2,0.0,0,0,0,0.0,0,0,0,1.0,1,1,3,2.0,2,2,5,0.0,0,0,0,gc_1501,6.022719634433943,0.0,0,0,0,0.0,0,0,0,1.0,1,2,8,46350.0,0.0,46350.0,0.0,55194.0,0.0,149694.0,11172.0,1.0,1,5,18,stn_8421,0.11925458254127581,41010.0,41037.0,41010.0,41037.0,171693.0,169362.0,438858.0,426759.0,0.0,0,0,0,stn_7685,26.75135530034251,1.0,4,49,153,0.0,0,3,6,0.0,0,4,17,0.0,1,1,2,2549,1347,938.3,5931792,60334015,15079580,9325956,106,95,141,143,144,50,50,76,79,82,255,0.0,3,27,75,0.0,0.0,0.0,0.0,0.0,0.0,0.0,0.0,35605.916666666664,37452.41666666667,38063.83333333333,38326.833333333336,37632.916666666664,38909.166666666664,38842.916666666664,39203.416666666664,140901.1666666667,149232.0,154867.3333333333,155439.0833333333,147483.58333333334,153705.91666666666,154932.08333333334,156049.25,346533.4166666666,372900.5833333334,391755.5833333334,393607.6666666666,365145.6666666666,385072.0833333333,391942.0,394628.5833333333
gc_1530,gongcha_existing,Yokosukachuuou,神奈川県横須賀市大滝町２丁目２３ 三笠ビル,35.2804821,139.6693108,FC,2024.0,1.5058179329226558,500,1218.9083415599998,113.24024165594867,28.0,1,Roadside,Street-level (roadside), Kanagawa,神奈川県,Yokosuka City,横須賀市,low_density,0,0.0,2,3,3,1.0,3,3,3,0.0,1,1,1,1.0,3,3,3,2.0,9,10,10,0.0,0,0,0,gc_1340,14.953616148082567,0.0,0,0,0,0.0,0,0,0,0.0,2,3,3,0.0,0.0,55821.0,15281.0,72821.0,15281.0,72821.0,15281.0,1.0,2,8,14,stn_915,0.20817561500818055,68092.0,58695.0,86254.0,79899.0,148444.0,135303.0,212398.0,192656.0,0.0,0,0,0,stn_5738,25.656199880877644,0.0,21,55,86,0.0,2,3,3,0.0,2,5,7,0.0,3,4,4,860,466,454.8,4949318,21721691,5469918,2969383,25,29,19,23,35,11,13,10,10,19,44,1.0,2,25,57,24514.0,18773.75,13209.833333333334,13242.416666666666,21438.0,15991.583333333334,13820.916666666666,13173.916666666666,28738.916666666668,21520.666666666668,15394.083333333334,15326.75,24317.5,18047.916666666668,15787.0,14988.833333333332,126290.48484848486,119930.91666666667,116101.80000000002,116069.7316017316,122888.15909090909,117148.45000000001,113156.29999999999,113212.74040404039,219892.2681818182,220553.18333333332,222534.0833333333,222504.78160173158,228359.74242424243,228009.77142857143,226615.82164502164,227239.93484848482
gc_1502,gongcha_existing,Ario YAO,"1F, Ario YAO, 2-3, Hikaricho, Yao-shi, Osaka",34.6325172,135.6054603,FC,2023.0,2.4695414099931554,500,269.2353425034,25.012771024593366,,1,Suburbs SC,Shopping Center, Osaka,大阪府,Yao City,八尾市,low_density,0,1.0,2,5,6,0.0,0,0,0,1.0,1,1,1,1.0,2,3,5,3.0,5,9,12,0.0,0,0,0,gc_1396,8.515996812816313,0.0,0,0,0,0.0,0,0,0,1.0,2,2,7,41000.0,0.0,81030.0,13063.0,81030.0,13063.0,146937.0,13063.0,0.0,1,7,33,stn_1135,0.3463989515532273,0.0,0.0,37867.0,34711.0,147648.0,136150.0,483879.0,455822.0,0.0,0,0,0,stn_5753,14.81421183809621,2.0,16,97,243,0.0,0,2,7,0.0,0,8,18,0.0,0,1,7,1490,839,704.8,4290508,37288685,6776761,4576404,47,61,77,103,104,24,24,43,57,62,148,0.0,2,26,74,0.0,0.0,0.0,0.0,0.0,0.0,0.0,0.0,45464.25,39993.5,34651.25,34875.83333333333,44699.333333333336,39078.333333333336,34572.416666666664,34702.0,236146.08333333334,245321.91666666666,256281.66666666663,255789.41666666666,242493.5833333333,251256.50000000003,259373.08333333334,259202.0833333333,607580.7277777778,639945.0555555556,676749.8333333334,674920.3333333334,621244.4523809524,651233.6666666666,682331.0000000001,680876.75
gc_1437,gongcha_existing,AEONMALL NAGAKUTE,"2F, AEON MALL NAGAKUTE , 501 Shonyuzuka, Nagakute",35.1731256,137.0498917,FC,2020.0,5.4072553045859,500,796.5924514548,74.00582851750528,14.0,1,Suburbs SC,Shopping Center, Aichi,愛知県,Nagakute City,長久手市,low_density,0,1.0,1,6,10,0.0,0,0,0,0.0,0,0,0,1.0,1,3,4,2.0,2,9,14,0.0,0,0,0,gc_1423,8.275759685579704,0.0,0,0,0,0.0,0,0,0,1.0,1,3,11,59000.0,0.0,59000.0,0.0,89745.0,0.0,176535.0,0.0,1.0,1,7,14,stn_235,0.18741992939957694,6809.0,6152.0,6809.0,6152.0,98950.0,97503.0,191750.0,186170.0,0.0,0,0,0,stn_5746,15.349295534266396,0.0,3,34,97,0.0,0,7,9,0.0,0,2,9,0.0,0,2,3,264,129,102.7,5611490,5918639,1366691,878669,16,14,25,18,15,7,6,13,9,7,35,0.0,4,26,73,0.0,0.0,0.0,0.0,0.0,0.0,0.0,0.0,24884.583333333336,19073.5,14368.166666666668,14579.583333333332,23427.833333333332,18114.083333333336,13925.750000000002,14136.999999999998,117438.42424242425,106086.375,98456.05952380951,98616.875,117727.27272727274,109036.92857142858,103573.16666666667,103577.16666666666,275677.42424242425,276129.375,277747.11255411257,278032.7083333333,284603.3560606061,283873.59523809527,282091.05555555556,282732.45
gc_1357,gongcha_existing,Harajuku Jingumae,"東京都渋谷区神宮前４丁目３１−１１ Re-Belle Harajuku, 1F",35.669291,139.7062772,DOS,2025.0,1.1800136892539357,500,829.5746771676,77.06997623290155,18.0,0,Roadside,Street-level (roadside), Tokyo,東京都,Shibuya-ku,渋谷区,low_density,0,2.0,14,84,142,0.0,1,32,78,1.0,1,6,7,0.0,0,4,9,3.0,16,126,236,0.0,0,6,9,gc_1366,1.112189551893011,0.0,0,4,5,0.0,0,2,4,3.0,10,48,68,21585.0,0.0,97662.75,10177.0,604773.0,308129.0,795019.03,342692.0,0.0,3,53,143,stn_6227,0.2116395697625706,0.0,0.0,446025.0,417380.0,9661793.0,9012086.0,17572918.0,15451063.0,0.0,0,0,0,stn_5737,5.362978518310533,1.0,26,235,619,0.0,1,27,68,0.0,3,26,76,0.0,13,78,157,457,251,240.0,7306667,28223261,6448201,3913430,16,16,27,28,28,9,8,13,13,14,43,1.0,2,27,78,46170.333333333336,26277.25,12285.0,12206.75,29806.916666666668,18802.5,12409.166666666666,12008.666666666666,125785.75,74450.91666666666,34490.41666666667,33562.91666666667,85793.16666666667,54199.666666666664,36597.666666666664,34363.333333333336,991468.5,760381.1666666667,549979.0,542790.25,773470.4166666667,614801.4166666666,546665.4166666667,524612.25,2213479.3333333335,1861969.0833333335,1663808.75,1615518.8333333335,1845247.8333333335,1616124.5833333335,1634147.0833333333,1564143.6666666667
gc_1464,gongcha_existing,Toyama MAROOT,"1F, MAROOT 1-231 Meirincho, Toyama-shi",36.7016033,137.2118536,FC,2022.0,4.16974674880219,500,370.6915368156,34.438355844779686,,1,Urban SC,Commercial building, Toyama,富山県,Toyama City,富山市,low_density,1,2.0,3,5,8,1.0,1,2,2,0.0,0,0,0,0.0,0,1,3,3.0,4,8,13,0.0,0,0,0,gc_1474,87.33212823096045,0.0,0,0,0,0.0,0,0,0,2.0,4,8,10,19918.0,13966.0,30117.0,13966.0,99208.0,13966.0,122409.0,13966.0,4.0,13,37,51,stn_10075,0.10328383466914665,47974.0,53596.0,58983.0,65936.0,73382.0,82323.0,87852.0,99260.0,1.0,1,1,1,stn_10068,0.13080638498713273,0.0,13,69,117,0.0,0,1,2,0.0,2,5,11,0.0,5,15,18,593,298,282.8,5174328,17800355,3800741,2697475,30,21,26,14,31,11,11,12,11,17,45,0.0,4,28,75,0.0,0.0,0.0,0.0,0.0,0.0,0.0,0.0,32561.5,31751.916666666668,29725.916666666668,29404.916666666668,35389.833333333336,32327.916666666668,32379.25,31188.416666666664,126294.66666666667,121905.91666666669,119972.00000000001,119013.66666666666,133903.4166666667,127608.41666666666,127195.33333333334,125535.99999999999,246618.4166666667,239799.41666666666,236123.99999999997,235101.1666666667,255970.00000000003,247898.83333333337,244015.08333333328,243026.08333333337
gc_1345,gongcha_existing,FUKUOKA AIRPORT,"3F, FUKUOKA AIRPORT International Terminal bldg., 767-1, Shimosui, Hakata-ku, Fukuoka-shi, Fukuoka",33.5895664,130.4113241,DOS,2024.0,2.3107460643394937,500,945.0124671624001,87.79449323678845,38.0,1,Terminal,Terminal, Fukuoka,福岡県,Hakata-ku,博多区,low_density,1,1.0,14,29,40,1.0,3,7,12,0.0,2,3,3,0.0,1,5,12,2.0,20,44,67,1.0,2,4,5,gc_1504,0.018211095293186902,1.0,2,4,5,0.0,0,0,0,1.0,12,25,38,71487.0,0.0,350940.53,74880.0,607196.61,153016.0,832128.61,216946.0,1.0,9,24,37,stn_10203,0.19672413547032047,0.0,19239.0,563281.0,648462.0,1105183.0,1190056.0,1379210.0,1482220.0,0.0,2,2,2,stn_9973,0.9124691093311529,1.0,24,142,255,0.0,0,2,9,0.0,2,13,20,1.0,21,72,85,1953,997,1610.3,3978048,64311322,13598379,7124532,20,20,108,186,219,9,13,60,102,129,184,0.0,4,24,69,0.0,0.0,0.0,0.0,0.0,0.0,0.0,0.0,243462.91666666666,197759.4166666667,138005.0,141965.41666666666,202274.75,161506.9166666667,126552.41666666666,126083.16666666666,639407.75,556391.5,462627.25,466372.25,571886.5,503888.5,456706.4166666666,451937.5833333334,1002795.6363636364,924932.7222222222,827141.9166666667,832138.1666666666,918703.761904762,858715.3333333334,813324.0166666666,809342.9833333333
gc_1476,gongcha_existing,AEON MALL TOKI,"1F, AEON MALL TOKI, 1372-1, Tokitsucho Tokiguchi, Toki-shi, Gifu",35.346769,137.154191,FC,2022.0,3.6139630390143735,500,479.31778019579997,44.53005973353041,2.0,1,Suburbs SC,Shopping Center, Gifu,岐阜県,Toki City,土岐市,low_density,0,1.0,1,1,2,1.0,1,3,4,0.0,0,0,0,1.0,1,1,1,3.0,3,5,7,0.0,0,0,0,gc_1437,21.50555406843617,0.0,0,0,0,0.0,0,0,0,0.0,1,4,9,0.0,0.0,49000.0,0.0,104168.0,27000.0,133809.0,27000.0,0.0,0,1,3,stn_5719,2.9195609857011577,0.0,0.0,0.0,0.0,10069.0,9581.0,39216.0,35103.0,0.0,0,0,0,stn_5746,31.61102497771422,0.0,0,17,54,0.0,0,1,1,0.0,0,4,6,0.0,0,3,9,0,0,0.0,0,0,0,0,0,0,0,0,0,0,0,0,0,0,0,1.0,3,27,76,721.5,533.4166666666666,423.25,410.75,457.9166666666667,279.25,134.0,133.16666666666666,1215.4166666666665,874.8333333333333,794.0833333333334,716.5833333333334,830.0,545.3333333333334,559.0,473.33333333333337,49675.083333333336,42080.29545454546,37029.5,37389.25,38172.97619047619,34784.9,33360.16666666667,33200.21464646465,125871.91666666666,119773.43939393939,114610.63333333333,115125.33333333333,118192.55952380953,115206.28484848485,112948.01666666666,112986.101010101
gc_1342,gongcha_existing,atre SHINURAYASU,"1F, atre Shinurayasu, 1-1-1, Irifune, Urayasu-shi, Chiba",35.6499584,139.9132089,DOS,2023.0,2.43668720054757,500,525.5645966844,48.826527725770816,14.0,1,Urban SC,Commercial building, Chiba,千葉県,Urayasu City,浦安市,low_density,0,2.0,2,3,10,0.0,0,2,2,0.0,0,1,1,1.0,1,3,5,3.0,3,9,18,0.0,0,0,1,gc_1350,3.096231865044008,0.0,0,0,1,0.0,0,0,0,3.0,3,9,12,54991.0,7970.0,54991.0,7970.0,166903.0,7970.0,234829.0,7970.0,1.0,1,4,14,stn_6732,0.07835389958414522,114516.0,103208.0,114516.0,103208.0,267269.0,248548.0,844258.0,815094.0,0.0,0,0,0,stn_7687,13.572784452919214,0.0,12,65,122,0.0,1,4,4,0.0,0,5,8,0.0,0,0,8,1407,759,577.7,7741475,47216634,11804877,7305098,59,63,98,70,42,28,31,57,35,23,151,0.0,4,27,53,0.0,0.0,0.0,0.0,0.0,0.0,0.0,0.0,44227.166666666664,44317.083333333336,44052.583333333336,44276.583333333336,45470.833333333336,44143.08333333333,42801.0,42988.5,208814.15000000002,222416.8333333333,227199.91666666666,228700.4166666667,212421.45454545453,219092.78333333333,217548.17857142855,219285.73333333334,538541.0388888889,541887.7083333334,525545.25,529161.25,490836.8378787879,503815.42727272725,501675.80735930736,505257.5
gc_1536,gongcha_existing,METRO M KORAKUEN,東京都文京区春日１丁目２−３ メトロ・エム後楽園 2F,35.7073678,139.7514244,FC,2025.0,1.1526351813826146,500,1039.2986124066,96.55395898841034,44.0,1,Terminal,Terminal, Tokyo,東京都,Bunkyo-ku,文京区,low_density,0,1.0,6,48,156,1.0,3,27,97,1.0,1,1,9,0.0,0,2,11,3.0,10,78,273,0.0,0,5,14,gc_1523,1.021014603590298,0.0,0,4,11,0.0,0,1,3,2.0,3,17,85,14775.0,18150.0,19575.0,18150.0,161130.0,84050.0,1180256.81,432504.0,1.0,8,66,207,stn_6114,0.051387603319530954,106481.0,104894.0,760365.0,601076.0,6430342.0,5302139.0,21697545.0,18309718.0,0.0,0,1,3,stn_7685,2.435431232608274,4.0,51,330,739,0.0,7,52,75,1.0,7,53,91,3.0,18,70,202,592,310,342.7,7852933,26466949,6048462,3672456,26,22,35,32,42,12,10,16,16,22,54,0.0,4,27,72,0.0,0.0,0.0,0.0,0.0,0.0,0.0,0.0,147842.66666666666,121346.16666666666,106895.41666666667,103020.58333333333,110365.25,97670.08333333334,104887.5,99242.5,878799.0833333333,698952.0,620344.8333333333,593845.75,678687.8333333334,580282.25,620964.5,581396.3333333334,2513915.416666667,2040132.0,1764365.0833333335,1710026.4166666665,2009981.6666666665,1713960.0000000002,1735540.5,1649653.5
gc_1482,gongcha_existing,AEON MALL TOKONAME,"1F, AEON MALL TOKONAME, 2-20-3, Rinkuu, Tokoname-shi, Aichi",34.8829778,136.8263207,FC,2023.0,3.236139630390144,500,744.6095957118,69.17646527041336,22.0,1,Suburbs SC,Shopping Center, Aichi,愛知県,Tokoname City,常滑市,low_density,0,1.0,1,3,5,1.0,1,1,1,0.0,0,0,0,1.0,1,1,1,3.0,3,5,7,0.0,0,0,0,gc_1506,17.19045694861316,0.0,0,0,0,0.0,0,0,0,1.0,1,3,3,82800.0,0.0,82800.0,0.0,109270.0,23214.0,109270.0,23214.0,0.0,1,5,7,stn_9527,0.4076318087183432,0.0,0.0,2280.0,2931.0,46868.0,46531.0,49005.0,48539.0,0.0,0,0,0,stn_5749,23.379069540897643,0.0,0,8,15,0.0,0,0,0,0.0,0,0,1,0.0,0,0,0,36,13,13.1,4049618,1098494,265271,183915,0,0,0,21,3,0,0,0,7,2,7,0.0,4,21,46,0.0,0.0,0.0,0.0,0.0,0.0,0.0,0.0,16284.75,8568.666666666666,3109.583333333333,3174.7499999999995,13612.25,7684.0,3695.666666666667,3796.25,58830.48333333334,46597.08181818182,35547.055555555555,36117.84444444445,46241.55555555556,39027.594696969696,33666.27380952382,33982.45833333333,81299.27619047619,66197.78737373737,51650.88888888889,52445.9808080808,61421.46616161616,53039.21374458875,46052.115476190476,46620.15833333333
gc_1514,gongcha_existing,AEON MALL ITAMI,"1F, AEON MALL ITAMI, 1-1-1, Fujinoki, Itami-shi, Hyogo",34.7818563,135.4232033,FC,2024.0,2.083504449007529,500,331.9732718484,30.8413128745319,,1,Suburbs SC,Shopping Center, Hyōgo,兵庫県,Itami City,伊丹市,low_density,0,1.0,1,4,12,0.0,1,1,2,0.0,0,0,0,1.0,2,3,11,2.0,4,8,25,0.0,0,0,0,gc_1544,5.404655269069848,0.0,0,0,0,0.0,0,0,0,1.0,4,5,16,57000.0,0.0,86242.0,0.0,145222.0,18755.0,291008.0,18755.0,1.0,2,9,20,stn_4549,0.1899133482307834,50094.0,46494.0,73166.0,67136.0,206430.0,194437.0,586923.0,540356.0,0.0,0,0,0,stn_5753,8.82962936712056,0.0,9,56,242,0.0,0,0,4,0.0,0,3,22,0.0,2,3,8,359,151,176.0,5059091,9771128,1856449,1032421,14,16,14,16,16,6,7,6,7,6,26,0.0,4,26,73,0.0,0.0,0.0,0.0,0.0,0.0,0.0,0.0,49213.583333333336,46396.50000000001,43265.583333333336,43233.66666666667,49329.333333333336,46414.5,44050.416666666664,43895.666666666664,211214.58333333334,212873.8333333333,214886.6666666667,214053.6666666667,209637.66666666666,212953.25000000003,217077.16666666666,216460.91666666666,686411.1666666666,716414.1666666667,743724.0833333334,743075.3333333335,698016.5,726551.5,749310.25,749199.4166666666
gc_1547,gongcha_existing,AEON MALL MUSASHI-MURAYAMA,東京都武蔵村山市榎１丁目1−３ イオンモールむさし村山 1F,35.7463874,139.3848642,FC,2025.0,1.0650239561943875,500,524.4890893242,48.726609865486154,3.0,1,Suburbs SC,Shopping Center, Tokyo,東京都,Musashimurayama City,武蔵村山,low_density,0,2.0,3,3,8,0.0,0,0,2,1.0,1,1,1,1.0,1,2,6,4.0,5,6,17,0.0,0,0,2,gc_1561,3.965648303481863,0.0,0,0,2,0.0,0,0,0,1.0,1,2,8,78000.0,0.0,78000.0,0.0,90535.0,0.0,262606.0,53061.0,0.0,0,4,22,stn_4823,2.066282010347541,0.0,0.0,0.0,0.0,44054.0,44436.0,401503.0,374726.0,0.0,0,0,0,stn_6949,27.876970549876276,0.0,4,36,101,0.0,0,1,4,0.0,0,2,9,0.0,0,0,4,19,11,7.4,4621622,271501,61905,37436,0,0,1,1,1,0,0,0,1,0,1,0.0,3,27,76,0.0,0.0,0.0,0.0,0.0,0.0,0.0,0.0,23964.916666666668,18607.166666666668,14690.333333333332,14782.333333333334,22647.166666666668,18923.833333333332,16381.0,16503.166666666668,100204.96666666667,105499.33333333334,111008.16666666666,111045.16666666666,105108.92142857143,108738.6,110652.63333333335,111018.16666666666,353790.71666666673,344937.4166666666,339606.2857142857,339932.60984848486,356982.75476190477,352236.6,347743.73333333334,348894.9873737374
gc_1540,gongcha_existing,KAWASAKI LEFRONT,神奈川県川崎市川崎区日進町１−１１ 川崎ルフロン 2F FOOD VILLAGE,35.5294754,139.6965473,FC,2025.0,1.103353867214237,500,571.811413173,53.12299571801122,10.0,1,Urban SC,Commercial building, Kanagawa,神奈川県,Kawasaki-ku,川崎区,low_density,0,4.0,7,8,14,3.0,5,7,13,0.0,1,1,3,0.0,3,4,10,7.0,16,20,40,1.0,2,2,2,gc_1554,0.2175324988739134,1.0,2,2,2,0.0,0,0,0,5.0,10,17,25,115361.0,43042.0,240291.59,143768.0,344413.58999999997,143768.0,482647.88,186849.0,0.0,4,15,47,stn_7899,0.21145471990589623,0.0,0.0,581301.0,532377.0,762261.0,700208.0,1903744.0,1737240.0,0.0,0,0,0,stn_5738,7.553647864810524,0.0,13,107,245,0.0,1,3,8,0.0,0,6,25,0.0,2,7,15,1049,546,506.4,5224427,29427650,7793443,4669633,21,23,40,94,104,12,14,22,50,53,98,0.0,4,27,75,0.0,0.0,0.0,0.0,0.0,0.0,0.0,0.0,162591.16666666666,142420.75,125915.58333333333,124689.33333333333,152694.91666666666,133908.08333333334,123915.33333333334,122500.66666666666,445907.0,450214.3333333333,458757.75,456073.0833333333,454895.0833333334,455632.24999999994,459546.5833333334,457795.3333333334,928051.6666666666,959534.1666666667,1007143.6666666667,999393.5833333333,953204.1666666666,973219.0833333334,997874.2499999999,993549.9166666666
gc_1543,gongcha_existing,KEYAKI WALK MAEBASHI,群馬県前橋市文京町２丁目１−１ けやきウォーク前橋 1F,36.3787148,139.0784351,FC,2025.0,1.0650239561943875,500,741.7415760846001,68.9100176429876,25.0,1,Suburbs SC,Shopping Center, Gunma,群馬県,Maebashi City,前橋市,low_density,0,1.0,1,2,4,0.0,0,0,1,0.0,0,0,0,1.0,1,2,2,2.0,2,4,7,0.0,0,0,0,gc_1551,8.600050825382787,0.0,0,0,0,0.0,0,0,0,1.0,1,1,4,55634.0,0.0,55634.0,0.0,55634.0,0.0,102872.0,0.0,0.0,1,7,9,stn_8191,0.6965540913821897,0.0,0.0,21364.0,19804.0,39403.0,36256.0,39762.0,36599.0,0.0,0,0,0,stn_6948,8.531809625037273,0.0,14,72,121,0.0,0,1,8,0.0,2,6,10,0.0,4,24,31,353,176,172.4,4745360,10641706,2066318,1390296,15,18,17,21,15,6,9,9,7,7,31,0.0,3,27,76,0.0,0.0,0.0,0.0,0.0,0.0,0.0,0.0,24497.333333333332,20929.0,18017.833333333332,18086.916666666668,24164.5,21519.416666666668,20647.5,20329.166666666668,130250.75,126723.0,125963.25,125140.08333333334,129124.00000000001,128727.91666666666,133094.0,131485.0833333333,236783.33333333337,232933.91666666666,232983.8333333333,231591.08333333334,241537.41666666663,240059.75,246475.91666666666,243975.25
gc_1548,gongcha_existing,SAPPORO 4-CHOME PLACE,北海道札幌市中央区南１条西４丁目1−１ 札幌4丁目プレイス 1F,43.0585979,141.3521771,FC,2025.0,1.0650239561943875,500,408.692796876,37.968786908171026,8.0,1,Terminal,Terminal, Hokkaido,北海道,Chuo-ku,中央区,low_density,1,2.0,8,17,22,0.0,4,11,11,0.0,0,1,1,1.0,3,5,10,3.0,15,34,44,0.0,2,2,2,gc_1410,0.6082312154486342,0.0,2,2,2,0.0,0,0,0,3.0,9,21,33,33688.0,28749.0,94550.0,45071.0,368826.2,104749.0,490296.2,104749.0,3.0,13,43,61,stn_2408,0.04265422619235181,177456.0,184380.0,464449.0,468461.0,966906.0,956808.0,1235976.0,1222214.0,0.0,0,0,0,stn_10109,140.68728642188023,0.0,26,169,277,0.0,0,22,24,0.0,0,13,22,0.0,23,67,77,174,80,149.6,4473596,6755383,1611925,1165717,0,0,10,9,8,0,0,5,6,2,11,0.0,4,30,85,0.0,0.0,0.0,0.0,0.0,0.0,0.0,0.0,196218.0833333333,174413.5,123174.41666666667,129056.58333333331,161932.5,131481.66666666666,105423.16666666667,104476.5,585817.1666666667,541409.0,477416.8333333333,482461.1666666666,541003.5833333334,496232.5833333334,466894.6666666667,463545.4166666666,985349.4166666666,966410.0,923589.1666666667,929570.4166666667,959889.7272727274,941139.3166666667,924949.5833333334,923741.75
gc_1537,gongcha_existing,Machida MODI,東京都町田市原町田６丁目２−６ 町田モディ 1F,35.5433843,139.4451339,FC,2025.0,1.1416837782340865,500,1071.9223356659998,99.58480075037838,57.0,1,Terminal,Commercial building, Tokyo,東京都,Machida City,町田市,low_density,0,5.0,6,9,13,4.0,4,8,12,2.0,2,2,2,1.0,1,4,5,12.0,13,23,32,0.0,0,1,2,gc_1355,1.4546695963867287,0.0,0,1,2,0.0,0,0,0,6.0,7,13,21,70860.0,13819.0,82530.0,13819.0,197965.0,36763.0,353030.0,83372.0,1.0,2,7,18,stn_3022,0.060735888688060825,289419.0,258628.0,514499.0,458864.0,794657.0,716398.0,1407637.0,1286696.0,0.0,0,0,0,stn_5738,16.1178988794837,0.0,19,98,203,0.0,0,4,10,0.0,0,7,17,0.0,11,12,13,238,123,130.3,4909823,6435931,1447329,928695,7,5,9,14,17,3,3,5,8,8,19,0.0,2,26,76,0.0,0.0,0.0,0.0,0.0,0.0,0.0,0.0,73542.16666666666,61745.33333333333,49333.25,49422.5,65827.5,55846.16666666667,48749.58333333333,48515.833333333336,321360.5833333333,330041.3333333333,332025.75,332929.4166666666,325509.6666666667,331152.5833333334,330693.1666666666,332183.0,662588.1666666667,687586.5,705876.9166666666,707093.5,699261.9166666666,710265.1666666666,710461.6666666667,713285.25
gc_1470,gongcha_existing,THE OUTLETS KITAKYUSHU,"1F,THE OUTLETS KITAKYUSHU, 4-1-1 Higashida, Yahatahigashi-ku, Kitakyushu-shi",33.8723723,130.8106561,FC,2022.0,4.057494866529774,500,678.2866418328001,63.01486388619263,10.0,1,Suburbs SC,Shopping Center, Fukuoka,福岡県,Yahatahigashi-ku,八幡東区,low_density,0,1.0,2,3,5,0.0,0,0,1,0.0,0,0,0,0.0,1,2,4,1.0,3,5,10,0.0,1,1,1,gc_1458,0.25821034132555276,0.0,1,1,1,0.0,0,0,0,1.0,2,5,7,48000.0,0.0,96000.0,0.0,138322.0,0.0,170967.0,0.0,0.0,2,5,14,stn_1472,0.44174090307814967,0.0,0.0,10400.0,12086.0,43690.0,41299.0,95002.0,87282.0,0.0,0,0,0,stn_4050,6.8961105258239,0.0,3,46,118,0.0,0,1,7,0.0,0,5,16,0.0,1,6,10,0,0,0.0,0,0,0,0,0,0,0,0,0,0,0,0,0,0,0,0.0,3,26,72,0.0,0.0,0.0,0.0,0.0,0.0,0.0,0.0,17388.166666666664,13046.666666666668,10335.583333333332,10315.916666666668,14838.416666666668,11374.75,9933.833333333334,9719.666666666668,97087.24999999999,93862.5,94248.0,93404.5,95315.08333333334,92615.58333333334,95028.5,93673.66666666667,222872.66666666666,225566.2388888889,231456.30555555556,230176.9384920635,224212.19458874458,226240.64285714287,235668.40353535354,233178.97330447327
gc_1526,gongcha_existing,ViVa City Hikone,滋賀県彦根市竹ケ鼻町４３−１ ビバシティ平和堂 1F,35.2436999,136.2494745,FC,2024.0,1.6043805612594113,500,1102.0365417516,102.38250083834889,20.0,1,Suburbs SC,Shopping Center, Shiga,滋賀県,Hikone City,彦根市,low_density,0,1.0,2,2,5,0.0,0,0,0,0.0,0,0,0,1.0,1,1,1,2.0,3,3,6,0.0,0,0,0,gc_1571,23.942693615256637,0.0,0,0,0,0.0,0,0,0,1.0,1,1,3,42962.0,0.0,42962.0,0.0,42962.0,0.0,68441.0,0.0,0.0,1,6,10,stn_4340,0.29598895837775063,0.0,0.0,11802.0,11256.0,19242.0,18243.0,41960.0,39649.0,0.0,0,0,0,stn_5747,8.719130832466696,0.0,1,27,48,0.0,0,0,2,0.0,0,3,6,0.0,0,2,2,146,78,117.3,5040921,5713881,1055690,592661,6,7,9,8,7,3,4,5,5,3,17,0.0,4,26,71,0.0,0.0,0.0,0.0,0.0,0.0,0.0,0.0,16553.666666666664,15227.833333333334,14598.5,14556.5,17423.0,17045.583333333336,17576.0,17347.75,62498.916666666664,63885.83333333333,65773.08333333333,65402.75,64318.83333333333,65519.5,67228.66666666666,66938.0,113735.33333333334,111617.16666666666,111313.42424242423,110931.49090909092,110930.33333333334,109330.95454545456,110313.75,109763.01911976912
gc_1430,gongcha_existing,NAHA MAIN PLACE,"1F, NAHA MAIN PLACE, 4-4-9, Omoromachi, Naha-shi",26.2252975,127.6948569,FC,2020.0,5.47296372347707,500,556.7543101302,51.72414567402597,,1,Suburbs SC,Shopping Center, Okinawa,沖縄県,Naha City,那覇市,low_density,0,1.0,1,5,11,1.0,1,1,3,0.0,0,1,1,1.0,2,3,7,3.0,4,10,22,0.0,0,2,3,gc_1385,1.170981881219444,0.0,0,1,2,0.0,0,1,1,1.0,5,8,16,37110.0,0.0,65366.0,0.0,95735.0,0.0,240170.0,0.0,0.0,3,10,18,stn_520,0.4654297478900225,0.0,0.0,23188.0,24297.0,66737.0,71494.0,108872.0,116989.0,0.0,0,0,0,stn_1375,657.015768160984,0.0,33,140,226,0.0,0,3,3,0.0,2,13,23,0.0,19,43,47,830,445,464.0,3956034,27153121,4585893,3445736,41,43,33,38,58,21,22,18,21,32,82,0.0,2,26,61,0.0,0.0,0.0,0.0,0.0,0.0,0.0,0.0,46082.83333333333,45254.66666666667,41896.58333333333,42220.91666666667,42422.75,41003.16666666667,39092.5,39180.41666666667,264842.0833333333,278622.75,279140.8333333334,280844.9166666666,248501.41666666666,255241.56818181818,264107.31666666665,261794.70454545456,458356.1666666667,466759.5,465429.4861111111,466178.25,443769.8333333334,449046.48484848486,456770.9666666667,454456.65454545454
gc_1463,gongcha_existing,AEON MALL KUMIYAMA,"1F, AEONMALL KUMIYAMA 156-1 Minamiouchi, Mori, Kumiyama-cho, Kuse-gun",34.8929239,135.7491371,FC,2022.0,4.191649555099247,500,1224.285878361,113.73983095737198,44.0,1,Suburbs SC,Shopping Center, Kyoto,京都府,Kumiyama-cho,久御山町,low_density,0,0.0,1,1,2,0.0,0,0,1,0.0,0,0,0,0.0,1,1,2,0.0,2,2,5,0.0,0,0,0,gc_1438,7.480921891182367,0.0,0,0,0,0.0,0,0,0,0.0,2,2,5,0.0,0.0,45966.0,0.0,45966.0,0.0,81701.0,0.0,0.0,0,3,18,stn_1009,2.974767057812823,0.0,0.0,0.0,0.0,38515.0,34191.0,179929.0,166314.0,0.0,0,0,0,stn_5748,10.236640063712017,0.0,0,29,96,0.0,0,1,3,0.0,0,3,4,0.0,0,1,2,0,0,0.0,0,0,0,0,0,0,0,0,0,0,0,0,0,0,0,0.0,4,27,73,0.0,0.0,0.0,0.0,0.0,0.0,0.0,0.0,12271.166666666666,7622.166666666666,4245.833333333334,4101.5,10370.25,6718.583333333334,4353.416666666666,4170.166666666667,72104.08333333333,65555.25,60831.666666666664,60785.0,64493.08333333333,61816.416666666664,59628.583333333336,59506.25,280050.75,279068.8333333334,280843.0833333334,280164.0833333334,276123.9166666666,278868.5,283173.5833333334,282197.9166666666
gc_1542,gongcha_existing,Tokyo Star Bank Fujisawa Lounge,神奈川県藤沢市南藤沢３−１２ クリオ藤沢駅前 3F,35.3377966,139.4886362,FC,2025.0,1.0677618069815196,500,327.3127399542,30.408335479965046,34.0,1,Roadside,Street-level (roadside), Kanagawa,神奈川県,Fujisawa City,藤沢市,low_density,0,2.0,2,4,8,1.0,2,5,7,0.0,0,1,1,1.0,1,2,3,4.0,5,12,19,0.0,0,0,2,gc_1360,3.78042272901446,0.0,0,0,2,0.0,0,0,0,5.0,6,10,15,35663.0,0.0,46833.0,0.0,113275.0,19058.0,219411.0,94165.0,3.0,4,16,28,stn_2119,0.14043670000929104,407865.0,388269.0,408604.0,388968.0,502690.0,481674.0,927671.0,891153.0,0.0,0,0,0,stn_5738,22.18210707579155,0.0,11,67,149,0.0,0,0,4,0.0,0,10,18,0.0,1,3,5,721,379,411.0,5512287,22892189,5816985,3208885,17,19,18,33,52,10,9,11,18,24,48,0.0,2,28,73,0.0,0.0,0.0,0.0,0.0,0.0,0.0,0.0,49047.25,42725.33333333333,38218.58333333333,37427.166666666664,46905.41666666667,40482.16666666667,37193.33333333333,36609.08333333333,234921.41666666663,237129.5,240996.24999999997,240538.58333333334,236546.6666666667,236682.66666666666,234843.1666666667,235662.75,457935.0333333333,455917.9545454545,457291.6666666667,457106.75,458619.87500000006,456671.5,450220.6666666666,451953.1666666667
gc_1434,gongcha_existing,Akashi,"10-20, Higashinakanocho, Akashi-shi,Hyogo",34.647993,134.9945671,FC,2020.0,5.434633812457221,500,1525.427939217,141.71683183707694,28.0,0,Roadside,Street-level (roadside), Hyōgo,兵庫県,Akashi City,明石市,low_density,1,1.0,1,2,2,0.0,0,0,1,0.0,0,0,0,1.0,1,1,3,2.0,2,3,6,0.0,0,0,0,gc_1531,5.447021001657442,0.0,0,0,0,0.0,0,0,0,2.0,3,5,7,24635.0,10168.0,34099.0,10168.0,53476.0,10168.0,63702.0,12302.0,2.0,3,7,13,stn_2590,0.17294929080506088,132974.0,119653.0,134268.0,121193.0,176453.0,156833.0,288969.0,260232.0,0.0,0,0,1,stn_4037,3.7925443389274043,0.0,10,40,112,0.0,0,1,2,0.0,0,1,6,0.0,0,2,3,2187,1153,1045.5,4882353,52230606,10018067,5667784,110,89,91,86,107,52,41,43,50,53,186,0.0,2,21,59,0.0,0.0,0.0,0.0,0.0,0.0,0.0,0.0,35154.0,29461.0,24363.25,24384.833333333332,36554.416666666664,30712.666666666664,26815.333333333332,26580.416666666664,139118.14393939392,140257.4696969697,141106.91666666666,141166.65,152844.62121212122,151908.91666666666,151991.08333333334,151801.0,298973.6439393939,317040.8113636364,330147.55303030304,330663.17272727273,322795.70454545453,337123.49242424243,346884.9196969697,347209.0833333333
gc_1504,gongcha_existing,CANAL CITY HAKATA,"B1F, CANALCITY-OPA,1-2-22, Sumiyoshi, Hakata-Ku, Fukuoka-shi, Fukuoka",33.589688,130.4111924,FC,2023.0,2.425735797399042,500,490.78985870459996,45.59585024323345,21.0,1,Urban SC,Commercial building, Fukuoka,福岡県,Hakata-ku,博多区,low_density,1,1.0,13,29,40,1.0,3,7,12,0.0,2,3,3,0.0,1,5,12,2.0,19,44,67,1.0,2,4,5,gc_1345,0.018211095293186902,1.0,2,4,5,0.0,0,0,0,1.0,12,25,38,71487.0,0.0,350940.53,74880.0,607196.61,153016.0,832128.61,216946.0,1.0,9,23,37,stn_10203,0.18532499949550138,0.0,19239.0,563281.0,648462.0,1087797.0,1169802.0,1379210.0,1482220.0,0.0,2,2,2,stn_9973,0.9247524242232465,1.0,24,142,255,0.0,0,2,9,0.0,2,13,20,1.0,21,72,85,1948,988,1611.4,3996711,64394829,13615082,7132462,21,21,104,186,218,9,14,57,101,127,181,0.0,4,24,69,0.0,0.0,0.0,0.0,0.0,0.0,0.0,0.0,243462.91666666666,197759.4166666667,138005.0,141965.41666666666,202274.75,161506.9166666667,126552.41666666666,126083.16666666666,639407.75,556391.5,462627.25,466372.25,571886.5,503888.5,456706.4166666666,451937.5833333334,1002795.6363636364,924932.7222222222,827141.9166666667,832138.1666666666,918703.761904762,858715.3333333334,813324.0166666666,809342.9833333333
gc_1524,gongcha_existing,HIRAKATA MALL,"1F, HIRAKATA MALL 19-1 Oka Higashicho, Hirakata-Shi, Osaka",34.8171054,135.6498465,FC,2024.0,1.700205338809035,500,1249.381050099,116.0712476973474,40.0,1,Terminal,Terminal, Osaka,大阪府,Hirakata City,枚方市,low_density,0,2.0,2,3,9,1.0,1,1,5,0.0,0,0,0,1.0,2,2,8,4.0,5,6,22,0.0,0,0,0,gc_1438,5.529835561541349,0.0,0,0,0,0.0,0,0,0,2.0,4,4,15,20867.0,0.0,62399.0,0.0,62399.0,0.0,277631.0,0.0,1.0,2,7,15,stn_712,0.1408381932053695,80389.0,73777.0,85398.0,78249.0,141142.0,127577.0,430176.0,391311.0,0.0,0,0,0,stn_5753,16.531140994524485,0.0,10,64,189,0.0,2,4,6,0.0,3,7,14,0.0,0,2,3,610,340,418.7,4345952,20600860,3798051,2630085,14,11,14,48,51,8,7,8,28,31,51,0.0,4,28,68,0.0,0.0,0.0,0.0,0.0,0.0,0.0,0.0,53569.08333333333,50890.666666666664,49289.666666666664,48940.083333333336,55572.666666666664,51391.58333333333,50499.083333333336,49661.33333333333,208455.9166666667,215838.66666666663,223617.4166666667,223761.83333333334,214723.0833333333,221917.33333333337,228584.75,228660.33333333334,476046.0833333334,501707.8333333334,521597.25,522709.75,501670.4166666666,523897.49999999994,537794.6666666667,539142.5833333333
gc_1546,gongcha_existing,AEON MALL DAINICHI,大阪府守口市大日東町１−１８ イオンモール大日 1F,34.749439,135.580529,FC,2025.0,1.0677618069815196,500,358.5024534,33.3059534282202,,1,Suburbs SC,Shopping Center, Osaka,大阪府,Moriguchi City,守口市,low_density,0,2.0,2,7,9,0.0,0,1,3,0.0,0,0,0,1.0,1,3,6,3.0,3,11,18,0.0,0,1,2,gc_1462,2.074319211854567,0.0,0,1,2,0.0,0,0,0,1.0,2,8,14,56000.0,0.0,61157.0,0.0,166595.2,45100.0,273816.2,51190.0,2.0,2,12,32,stn_4975,0.1558462590406965,48665.0,48202.0,48665.0,48202.0,236001.0,217156.0,550227.0,516322.0,0.0,0,0,0,stn_5753,7.560798048186008,0.0,11,101,287,0.0,0,2,14,0.0,0,6,23,0.0,0,2,10,3172,1641,1437.8,4565065,74449378,13454652,8994873,214,181,102,123,150,102,92,49,62,80,305,0.0,2,26,74,0.0,0.0,0.0,0.0,0.0,0.0,0.0,0.0,33785.58333333333,30857.75,28105.666666666664,28061.583333333336,33268.416666666664,29938.25,26981.25,27059.416666666668,240826.91666666666,253618.4166666667,269657.5,267993.3333333333,251873.75,263141.9166666666,275818.3333333334,274678.4166666667,682404.1666666667,709503.0,745792.0833333334,742741.75,709491.3333333334,732629.3333333334,760468.4166666666,758125.2499999999
gc_1473,gongcha_existing,AMUPLAZA NAGASAKI,"1F, AMUPLAZA NAGASAKI, Onoue-machi, Nagasaki-shi",32.7516166,129.8703679,FC,2022.0,3.980835044490075,500,851.8018292784001,79.1349453454512,19.0,1,Suburbs SC,Shopping Center, Nagasaki,長崎県,Nagasaki City,長崎市,low_density,1,2.0,4,5,5,1.0,1,3,3,0.0,0,0,0,1.0,3,4,5,4.0,8,12,13,0.0,0,0,0,gc_1445,76.58452371084364,0.0,0,0,0,0.0,0,0,0,1.0,3,6,8,47900.0,33800.0,75896.0,33800.0,111883.0,33800.0,136457.0,33800.0,2.0,11,31,41,stn_5260,0.17125601328478457,26598.0,28782.0,42798.0,40782.0,90578.0,88554.0,115890.0,108518.0,1.0,1,1,1,stn_10176,0.15158324854249566,1.0,14,72,133,0.0,0,4,6,0.0,1,11,16,1.0,8,14,17,422,223,223.7,3972284,10393280,2764225,1531536,15,13,10,14,29,8,8,5,8,16,29,0.0,2,26,72,0.0,0.0,0.0,0.0,0.0,0.0,0.0,0.0,37546.83333333333,31187.416666666668,28038.333333333332,27390.75,34372.25,29376.333333333336,31402.416666666664,29812.75,180719.83333333334,170509.5833333333,167636.92532467534,165647.44444444444,165555.03333333333,159171.55555555556,166533.52272727274,162598.71666666667,270310.73333333334,269396.8580808081,273426.03950216447,271538.93080808077,262940.0641414141,264787.72222222225,273996.8243867244,271016.7531746032
gc_1356,gongcha_existing,Atre Omori,東京都大田区大森北１丁目６−１６ アトレ大森 1F,35.5881231,139.728087,DOS,2025.0,1.2073921971252566,500,507.6394740144,47.1612300543598,17.0,1,Urban SC,Commercial building, Tokyo,東京都,Ota-ku,大田区,low_density,0,2.0,2,8,19,1.0,1,6,19,0.0,0,0,1,1.0,1,3,7,4.0,4,17,46,0.0,0,0,1,gc_1334,4.104343923087653,0.0,0,0,1,0.0,0,0,0,2.0,3,10,20,26531.0,16135.0,41511.0,16135.0,118999.29000000001,32172.0,218915.29,55610.0,1.0,2,26,69,stn_7622,0.08828389758224106,193944.0,165460.0,210445.0,179104.0,1217734.0,1070340.0,4416305.0,3757519.0,0.0,0,0,1,stn_5737,4.7436590694568705,1.0,15,130,299,0.0,0,3,13,0.0,0,12,29,1.0,4,18,27,2733,1445,1593.0,6203672,80979472,18553768,11316052,91,91,124,159,225,46,48,62,87,115,243,0.0,3,27,76,0.0,0.0,0.0,0.0,0.0,0.0,0.0,0.0,74730.66666666667,77403.41666666667,84013.16666666667,82637.91666666667,77616.75,79335.0,82174.91666666667,81537.0,467823.0833333333,480679.0833333333,513834.5833333334,506273.1666666666,467291.24999999994,479618.5,503238.4166666666,497803.0833333333,1093827.6666666665,1114835.25,1198646.7166666668,1175846.1136363638,1071826.8333333335,1094634.9166666667,1162035.1666666665,1143531.5
gc_1333,gongcha_existing,Pasar Miyoshi,"Pasar Miyoshi,2204 Kamitome, Miyoshi-machi, Iruma-gun",35.8430106,139.5048649,DOS,2022.0,3.8466803559206015,500,316.1991638988,29.375850923690216,,1,Suburbs SC,Service area (highway rest area), Saitama,埼玉県,Miyoshi-machi,三芳町,low_density,0,0.0,1,3,6,0.0,0,2,2,0.0,0,0,1,0.0,0,1,3,0.0,1,6,12,0.0,0,0,1,gc_1494,4.316077966106155,0.0,0,0,1,0.0,0,0,0,0.0,0,5,10,0.0,0.0,0.0,0.0,73153.5,0.0,220898.5,54500.0,0.0,0,1,4,stn_8345,2.566469906212038,0.0,0.0,0.0,0.0,66843.0,62055.0,214627.0,199432.0,0.0,0,0,0,stn_6949,12.761217247328446,0.0,2,28,98,0.0,0,1,3,0.0,1,1,5,0.0,0,1,3,423,264,6.5,5469231,393016,87704,56192,10,14,13,11,11,5,8,9,4,4,26,0.0,2,26,76,0.0,0.0,0.0,0.0,0.0,0.0,0.0,0.0,4154.833333333334,3166.25,1954.0,2020.0833333333335,3522.666666666667,2552.25,1853.25,1819.3333333333333,101724.08333333333,104375.91666666667,106268.33333333333,106345.66666666667,101795.66666666667,103740.66666666666,104021.25,104195.91666666667,295108.75,306159.8333333333,314909.1666666666,315299.5,301412.5833333333,308148.0833333334,310608.0,311488.5833333333
gc_1462,gongcha_existing,Eru Moriguchi,"Eru Moriguchi, 1-13 Kawaharacho, Moriguchi-shi",34.7355542,135.5653676,FC,2021.0,4.399726214921286,500,866.8589323212,80.53379538943643,15.0,1,Urban SC,Street-level (roadside), Osaka,大阪府,Moriguchi City,守口市,low_density,0,1.0,2,7,9,0.0,0,1,2,0.0,0,0,1,1.0,1,3,8,2.0,3,11,20,0.0,0,1,1,gc_1546,2.074319211854567,0.0,0,1,1,0.0,0,0,0,1.0,2,10,15,3228.0,0.0,9936.0,0.0,180157.2,51190.0,277758.2,51190.0,1.0,4,19,44,stn_694,0.03831389655907336,31033.0,27308.0,69180.0,61930.0,281745.0,265256.0,706635.0,689507.0,0.0,0,0,0,stn_5753,5.973736398662215,0.0,20,121,311,0.0,0,4,12,0.0,5,12,27,0.0,1,8,14,2644,1419,1512.5,4273124,72087883,13210119,9052375,67,64,84,124,148,32,31,48,68,77,179,0.0,3,26,74,0.0,0.0,0.0,0.0,0.0,0.0,0.0,0.0,39391.83333333333,39867.333333333336,41919.583333333336,41447.83333333333,40175.91666666667,41091.25,43366.25,42887.75000000001,292804.9166666666,305739.49999999994,324703.5,322950.1666666666,304113.5833333334,316275.25,331067.0,329919.25,808818.3333333334,861199.4166666667,917156.9166666666,914486.3333333335,853765.5,898028.1666666667,938790.3333333334,937199.5833333334
gc_1507,gongcha_existing,MINOH Q's MALL,"2F, MINOH Q's MALL STATION１, 1-14-14, Nishijuku, Minoh-shi, Osaka",34.8324572,135.4894403,FC,2024.0,2.1738535249828885,500,480.393287556,44.62997759381507,17.0,1,Urban SC,Commercial building, Osaka,大阪府,Minoh City,箕面市,low_density,0,1.0,1,6,8,1.0,1,1,3,1.0,1,1,1,1.0,1,4,5,4.0,4,12,17,0.0,0,0,0,gc_1514,8.26012486133654,0.0,0,0,0,0.0,0,0,0,1.0,1,5,8,43135.0,23794.0,43135.0,23794.0,140416.86,23794.0,162774.03,23794.0,1.0,1,7,19,stn_10225,0.11016022656897624,0.0,19985.0,0.0,19985.0,180826.0,185995.0,405227.0,397883.0,0.0,0,0,0,stn_5753,11.026074839950187,1.0,6,69,159,0.0,0,3,7,0.0,0,8,19,0.0,0,2,4,349,191,170.6,5233001,11905236,2157586,1449747,13,14,22,14,14,7,7,8,7,10,29,0.0,4,26,72,0.0,0.0,0.0,0.0,0.0,0.0,0.0,0.0,26396.25,24051.166666666668,22465.416666666664,22610.833333333336,28915.833333333336,26802.5,25294.333333333332,25448.25,150387.43333333332,148325.63333333336,147826.31666666665,147956.2857142857,148942.44444444444,146139.65873015873,143034.41666666666,143631.31313131313,369683.8954545455,364644.02222222224,362934.1404761904,363773.65952380956,354635.44682539685,351459.09206349205,347531.5716450216,348764.02373737376
gc_1451,gongcha_existing,AEONMALL NOGATA,"1F, AEON MALL NOGATA, 2-1-1, Yunohara, Nogata-shi",33.7692018,130.7491172,FC,2021.0,4.725530458590007,500,1364.4603376404002,126.7624587478061,46.0,1,Suburbs SC,Shopping Center, Fukuoka,福岡県,Nogata City,直方市,low_density,0,1.0,1,1,2,1.0,1,1,1,0.0,0,0,0,1.0,1,1,1,3.0,3,3,4,0.0,0,0,0,gc_1458,12.627577165762943,0.0,0,0,0,0.0,0,0,0,1.0,1,4,4,58000.0,0.0,58000.0,0.0,82677.0,0.0,82677.0,0.0,0.0,0,5,12,stn_5174,1.681810247441651,0.0,0.0,0.0,0.0,2670.0,2991.0,13906.0,13245.0,0.0,0,0,0,stn_4050,18.0437221828371,0.0,2,19,47,0.0,0,0,0,0.0,0,3,4,0.0,0,0,1,585,305,230.1,4229465,10364320,2177691,1099128,40,67,51,29,16,18,34,26,15,8,93,0.0,4,25,71,0.0,0.0,0.0,0.0,0.0,0.0,0.0,0.0,17921.5,15692.833333333332,14206.0,14273.166666666664,17951.166666666668,16297.25,14133.083333333332,14589.0,46280.5,44690.910606060614,43809.40952380952,43884.916666666664,44304.75,42880.106060606064,42179.25793650794,42277.416666666664,87531.17532467532,88030.63030303031,89248.85396825397,89069.52272727274,86345.13116883117,87039.03535353535,88362.71507936507,88237.18333333333
gc_1539,gongcha_existing,Fuchu FORIS,東京都府中市宮町１丁目４１-１,35.6704298,139.4796408,FC,2025.0,1.1252566735112937,500,616.2657173946001,57.25293394311053,13.0,1,Urban SC,Commercial building, Tokyo,東京都,Fuchu City,府中市,low_density,0,1.0,2,3,11,1.0,2,2,6,0.0,0,0,0,1.0,1,1,4,3.0,5,6,21,0.0,0,0,2,gc_1556,3.382230967281549,0.0,0,0,2,0.0,0,0,0,4.0,5,5,18,70620.95999999999,21070.0,85915.95999999999,21070.0,85915.95999999999,21070.0,289899.95999999996,58966.0,1.0,4,15,31,stn_650,0.20007283033301862,88769.0,81516.0,209239.0,191920.0,472796.0,433982.0,1351656.0,1237184.0,0.0,0,0,0,stn_5738,22.013768395048263,0.0,6,63,191,0.0,0,1,10,0.0,1,5,19,0.0,1,4,15,2694,1401,1404.4,5592922,65691376,14937514,8989896,88,102,138,145,187,46,48,72,77,95,243,1.0,4,27,75,39785.083333333336,35640.916666666664,31470.916666666668,31555.583333333332,34930.0,31569.0,29528.416666666668,29334.666666666668,85188.91666666667,74729.83333333333,68613.41666666667,68427.41666666666,72671.75,69017.75,66753.25,66588.83333333333,254327.5,251126.33333333337,254576.4166666667,253435.16666666666,247583.66666666666,249853.08333333334,253812.91666666666,253101.58333333334,609882.75,622284.8333333334,639752.0,637944.8333333333,615020.5833333333,626389.8333333334,634298.0,634258.5
gc_1414,gongcha_existing,iias OKINAWA TOYOSAKI,"2F, iiasu OKINAWA TOYOSAKI, 3-35, Toyosaki, Tomigusuku-shi",26.1577285,127.6509467,FC,2020.0,5.9137577002053385,500,1574.1842728794,146.24644150331488,44.0,1,Suburbs SC,Shopping Center, Okinawa,沖縄県,Tomigusuku City,豊見城市,low_density,0,1.0,2,2,3,0.0,0,1,1,0.0,0,0,0,0.0,0,0,2,1.0,2,3,6,0.0,0,0,0,gc_1493,7.166116181413186,0.0,0,0,0,0.0,0,0,0,1.0,3,3,6,47600.0,0.0,78691.0,0.0,78691.0,0.0,124454.0,0.0,0.0,0,0,2,stn_523,4.068752708813123,0.0,0.0,0.0,0.0,0.0,0.0,12548.0,13132.0,0.0,0,0,0,stn_1375,665.6662641351638,0.0,0,22,66,0.0,0,0,0,0.0,0,2,4,0.0,0,1,3,0,0,0.0,0,0,0,0,0,0,0,0,0,0,0,0,0,0,0,0.0,4,18,44,0.0,0.0,0.0,0.0,0.0,0.0,0.0,0.0,12519.416666666666,9638.25,7472.5,7508.033333333333,12393.25,9833.689393939392,8025.733333333334,8013.5,53804.52777777778,49037.11111111111,45850.25,45927.2,55151.16666666667,50201.772727272735,46908.9,47017.66666666667,136520.3849206349,135874.01111111112,136774.82142857142,136620.4803030303,138889.66666666666,139094.80303030304,135640.6888888889,137015.44047619047
gc_1503,gongcha_existing,Shapo Ichikawa,"B1F, Shapo Ichikawa, 1-1-1, ichikawa, Ichikawa-shi, Ciba",35.7292397,139.9073323,FC,2023.0,2.433949349760438,500,430.91994898679997,40.03375602072067,6.0,1,Terminal,Terminal, Chiba,千葉県,Ichikawa City,市川市,low_density,0,1.0,2,5,7,1.0,1,3,4,0.0,0,1,1,1.0,1,4,4,3.0,4,13,16,0.0,0,1,1,gc_1481,2.837734610113228,0.0,0,1,1,0.0,0,0,0,2.0,2,7,12,24409.0,15601.0,24409.0,15601.0,121714.0,42022.0,196606.0,47331.0,1.0,3,12,28,stn_7386,0.08606850228554133,122836.0,112842.0,143295.0,131575.0,590349.0,523961.0,1161134.0,1071037.0,0.0,0,0,0,stn_7685,11.863958535180775,0.0,12,109,238,0.0,0,5,6,0.0,2,11,21,0.0,0,4,7,5326,2877,2858.8,5622219,175776342,44844942,28788646,207,189,195,333,433,112,105,107,167,242,491,1.0,3,28,77,28843.25,29731.916666666668,29864.666666666668,29803.666666666668,29161.833333333332,29437.833333333332,29943.083333333332,29712.5,44661.0,47302.75,49423.66666666667,49277.0,45899.58333333333,47950.83333333333,49759.416666666664,49493.333333333336,294849.6666666667,318714.0,336141.0,336281.5,314855.4166666667,331754.3333333334,340106.00000000006,341004.25,743947.3333333334,810201.3333333334,864346.0,863934.1666666666,775834.8333333334,825590.5833333333,849806.3333333334,852729.3333333334
gc_1475,gongcha_existing,Rakuhoku HANKYU SQUARE,"1F,Rakuhoku HANKYU SQUARE,36 Takanonishibiraki-cho,Sakyoku,Kyoto-shi,Kyoto",35.0410421,135.779204,FC,2022.0,3.655030800821356,500,224.4225358284,20.849526846065842,,1,Suburbs SC,Shopping Center, Kyoto,京都府,Sakyo-ku,左京区,low_density,0,1.0,1,2,21,0.0,0,2,9,0.0,0,0,0,1.0,1,3,3,2.0,2,7,33,0.0,0,0,3,gc_1483,4.014874220096908,0.0,0,0,2,0.0,0,0,1,2.0,2,3,13,34474.0,0.0,34474.0,0.0,57374.0,0.0,179739.1,0.0,0.0,3,15,39,stn_420,0.5766003132273104,0.0,0.0,4956.0,4956.0,187982.0,178499.0,864895.0,813798.0,0.0,0,0,0,stn_5748,6.53624031527265,0.0,17,100,213,0.0,1,10,20,0.0,1,9,20,0.0,3,16,41,1721,960,925.6,5138127,45140720,8693332,5052607,60,80,113,70,74,31,45,47,32,37,155,0.0,2,26,76,0.0,0.0,0.0,0.0,0.0,0.0,0.0,0.0,28164.75,29095.916666666664,30986.0,30846.583333333332,32803.58333333333,33321.166666666664,34364.16666666667,34384.33333333333,204280.9166666667,195847.42424242425,199580.0,198336.08333333334,203587.08333333334,200482.1893939394,206853.91666666666,205276.65555555554,594302.1386363637,544363.6075757577,490445.4968253968,496307.02777777775,561662.3394660895,521517.68787878787,489083.2234848485,490228.85728715727
gc_1517,gongcha_existing,Nishitetsu Kurume,"1F, RAIRIA Kurume, 316-2, Higashimachi, Kurume-shi, Fukuoka",33.3126564,130.5211923,FC,2024.0,1.9657768651608487,500,542.7727144476,50.42521349032538,9.0,1,Urban SC,Commercial building, Fukuoka,福岡県,Kurume City,久留米市,low_density,1,1.0,1,4,5,1.0,1,1,1,0.0,0,0,0,1.0,1,2,2,3.0,3,7,8,0.0,0,0,0,gc_1440,10.444012907532217,0.0,0,0,0,0.0,0,0,0,1.0,1,3,3,14521.0,0.0,14521.0,0.0,77467.0,0.0,77467.0,0.0,1.0,3,11,17,stn_3417,0.045623436331714,33854.0,30485.0,42709.0,39364.0,71583.0,67635.0,77342.0,73792.0,0.0,0,1,1,stn_9971,2.0653859348260473,0.0,14,56,84,0.0,0,3,4,0.0,1,6,9,0.0,5,10,10,775,441,425.9,4311928,17772827,3666668,1842534,31,24,29,39,44,14,11,16,27,24,68,0.0,4,27,75,0.0,0.0,0.0,0.0,0.0,0.0,0.0,0.0,55744.75,56146.66666666667,52999.833333333336,53417.25,55379.083333333336,54319.75,53014.083333333336,52821.166666666664,182700.4166666667,179879.25,175404.83333333334,175526.8333333333,182449.74999999997,179070.5,176811.91666666666,176332.3333333333,247928.9166666667,246213.75,242836.1111111111,242997.27272727274,250308.3333333333,248822.8333333333,248358.6484848485,247873.40151515152
gc_1544,gongcha_existing,AMAGASAKI Q's MALL,兵庫県尼崎市潮江１丁目３-１,34.7336412,135.4306834,FC,2025.0,1.0650239561943875,500,366.7480098282,34.07199035706926,,1,Suburbs SC,Shopping Center, Hyōgo,兵庫県,Amagasaki City,尼崎市,low_density,0,1.0,1,3,5,0.0,0,0,1,0.0,0,0,0,1.0,1,5,7,2.0,2,8,13,0.0,0,0,0,gc_1514,5.404655269069848,0.0,0,0,0,0.0,0,0,0,1.0,1,9,14,57800.0,19863.0,57800.0,19863.0,129407.0,19863.0,225367.0,38618.0,1.0,1,12,26,stn_4365,0.2224647334837082,91854.0,89252.0,91854.0,89252.0,372465.0,355459.0,729116.0,699696.0,0.0,0,0,0,stn_5753,6.337431566591754,1.0,12,97,219,1.0,1,3,6,0.0,2,8,18,0.0,1,16,22,2538,1346,1296.6,4649082,64184246,12275476,6909213,63,88,91,111,124,28,41,45,58,65,172,0.0,2,26,74,0.0,0.0,0.0,0.0,0.0,0.0,0.0,0.0,32183.333333333336,29226.25,27236.083333333332,26754.583333333336,29561.083333333336,26021.833333333336,24411.25,23886.75,265513.25,273441.3333333334,280912.5833333334,279858.25,279145.75,285568.0,294446.5833333334,292655.4166666666,692659.1666666666,725301.0833333334,753478.4166666666,751753.6666666665,723392.3333333334,751485.5,778418.8333333333,775685.5833333334
gc_1385,gongcha_existing,Okiei Street,"2-1-5, makishi, naha-shi",26.2167126,127.6880582,FC,2019.0,7.063655030800821,500,2579.3708336594564,239.63128855946448,34.0,0,Roadside,Street-level (roadside), Okinawa,沖縄県,Naha City,那覇市,low_density,0,1.0,2,6,10,0.0,0,1,2,0.0,0,1,1,0.0,0,3,6,1.0,2,11,19,0.0,0,2,2,gc_1430,1.170981881219444,0.0,0,2,2,0.0,0,0,0,1.0,3,9,14,4961.0,0.0,29224.0,0.0,108000.0,0.0,172937.0,0.0,0.0,4,10,17,stn_512,0.45130615157739434,0.0,0.0,32238.0,35120.0,68202.0,73480.0,107784.0,115359.0,0.0,0,0,0,stn_1375,658.1647581414427,2.0,28,133,218,0.0,0,2,3,0.0,2,14,22,2.0,15,41,45,1320,677,779.7,4084520,46237169,7808839,5867171,51,49,40,56,74,24,21,17,27,39,89,0.0,4,22,63,0.0,0.0,0.0,0.0,0.0,0.0,0.0,0.0,83176.0,92508.75,88330.83333333334,90705.08333333334,69539.83333333333,70636.5,73655.58333333333,72435.75,250789.41666666666,263381.25,263337.25,265041.8333333333,236716.41666666666,241398.31818181818,249310.65,247021.12121212122,448997.5,458354.5,457132.5694444445,457865.8333333334,428388.6666666667,436652.4681818182,444328.13333333336,442324.4878787879
gc_1336,gongcha_existing,Kyoto Ninenzaka,"349-9 Masuyacho, shimogawara-cho higashiiru, Koudaijiminamimontoori, Higashiyama-ku, Kyoto-shi, Kyoto",34.9984894,135.7807323,DOS,2022.0,3.403148528405202,500,709.4763552785998,65.91248183444776,6.0,1,Roadside,Street-level (roadside), Kyoto,京都府,Higashiyama-ku,東山区,low_density,0,1.0,4,25,33,0.0,1,8,9,0.0,0,0,0,0.0,0,2,6,1.0,5,35,48,0.0,0,3,5,gc_1483,1.3069803589786713,0.0,0,2,4,0.0,0,1,1,0.0,0,14,21,0.0,0.0,0.0,0.0,235136.1,31888.0,370149.1,31888.0,0.0,1,26,58,stn_686,0.9659126881589953,0.0,0.0,55733.0,48367.0,1390811.0,1316079.0,1895200.0,1809401.0,0.0,0,1,1,stn_5748,2.5052605374725494,0.0,12,112,307,0.0,2,8,19,0.0,2,13,32,0.0,2,35,72,556,287,327.2,4230593,16488875,3186243,1863016,12,31,20,27,27,5,19,10,8,13,42,0.0,2,26,75,0.0,0.0,0.0,0.0,0.0,0.0,0.0,0.0,27957.0,19128.0,11235.083333333332,12080.666666666668,18524.75,13441.25,9026.5,9493.0,438456.2803030303,368064.0,269725.02777777775,278915.4444444445,378738.9666666667,317536.75,253314.16666666666,256570.0,880282.7636363637,804268.2712121212,709795.2301587302,717317.2944444445,821752.6212121212,759961.8636363635,703255.7234848485,704097.0722222221
gc_1493,gongcha_existing,Naminoue Beach,"1F, Costa Village ESPANA, 3-2-1,Tsuji, Naha Shi, Okinawa",26.2201419,127.6688431,FC,2023.0,2.8528405201916494,500,856.8208636259999,79.60122869344627,,1,Roadside,Street-level (roadside), Okinawa,沖縄県,Naha City,那覇市,low_density,0,0.0,0,6,8,0.0,0,2,2,0.0,0,1,1,0.0,0,4,4,0.0,0,13,15,0.0,0,2,2,gc_1385,1.9543621041085288,0.0,0,1,1,0.0,0,1,1,0.0,0,8,10,0.0,0.0,0.0,0.0,116949.0,0.0,133000.0,0.0,0.0,0,10,13,stn_516,1.1260918657367103,0.0,0.0,0.0,0.0,82877.0,89614.0,94758.0,102508.0,0.0,0,0,0,stn_1375,658.607886689974,0.0,12,81,171,0.0,0,0,3,0.0,1,7,15,0.0,6,38,45,113,61,57.6,3777778,3246734,553856,423452,3,2,2,7,5,1,1,1,3,3,6,1.0,2,22,49,6200.25,5904.75,4832.666666666667,5148.583333333333,5329.916666666667,4999.833333333333,4401.75,4522.583333333333,16271.416666666666,17245.333333333336,16474.5,16985.583333333332,15627.0,15772.333333333332,16053.25,15889.416666666668,206659.41666666663,203396.75,189612.625,191564.0,182954.33333333334,177297.38484848486,178312.36666666664,175821.03787878787,369151.0238095238,373433.9,367904.5694444445,368840.2803030303,344004.5833333333,347803.2181818182,354000.7555555556,351660.845021645
gc_1527,gongcha_existing,GUSHIKAWA MAIN CITY,沖縄県うるま市江洲450ｰ1,26.3527289,127.8256907,FC,2024.0,1.6016427104722792,500,312.6141393648,29.042791389408013,,1,Suburbs SC,Shopping Center, Okinawa,沖縄県,Uruma City,うるま市,low_density,0,1.0,2,4,6,0.0,0,0,0,0.0,0,0,0,1.0,2,3,3,2.0,4,7,9,0.0,0,0,0,gc_1391,16.24435023868183,0.0,0,0,0,0.0,0,0,0,1.0,2,4,6,22197.0,0.0,29567.0,0.0,63349.0,0.0,80394.0,0.0,0.0,0,0,0,stn_10147,14.90152550634694,0.0,0.0,0.0,0.0,0.0,0.0,0.0,0.0,0.0,0,0,0,stn_1375,638.7635272988553,0.0,7,49,91,0.0,0,0,0,0.0,1,4,9,0.0,1,3,6,1202,615,495.4,3673799,27435083,4562312,3333807,77,74,62,70,67,35,38,30,39,35,142,0.0,3,23,69,0.0,0.0,0.0,0.0,0.0,0.0,0.0,0.0,23649.666666666668,23885.25,23882.500000000004,23936.25,24350.250000000004,23688.0,23180.166666666664,23271.666666666668,96792.91666666667,101006.83333333333,105126.41666666666,104987.33333333334,101855.33333333334,103804.33333333333,105806.5,105802.83333333333,194316.13333333333,201087.5,206766.51948051952,206841.0787878788,198496.9090909091,202780.4772727273,206444.87261904762,206326.05479797977
gc_1549,gongcha_existing,ecute EDITION OCHANOMIZU,東京都千代田区神田駿河台２丁目６,35.6995365,139.7647278,FC,2025.0,1.0130047912388775,500,377.14458097679994,35.03786300648765,,1,Terminal,Terminal, Tokyo,東京都,Chiyoda-ku,千代田区,low_density,1,3.0,14,77,137,0.0,8,38,90,0.0,0,2,4,0.0,0,3,9,3.0,22,120,240,0.0,1,8,10,gc_1358,0.5892430542700067,0.0,0,7,9,0.0,1,1,1,0.0,5,43,79,0.0,0.0,48084.0,6869.0,542628.16,168124.0,1026282.16,308696.0,2.0,16,89,184,stn_7498,0.02833179344298208,271061.0,231276.0,1910106.0,1527002.0,9664637.0,7914482.0,17711026.0,14683696.0,0.0,0,3,3,stn_7685,1.9113971122777293,4.0,68,279,638,2.0,15,43,68,0.0,9,42,82,2.0,31,74,130,153,86,73.9,9062923,8424177,1959375,1226114,3,3,13,38,20,1,1,4,26,14,32,0.0,4,27,74,0.0,0.0,0.0,0.0,0.0,0.0,0.0,0.0,267642.0833333333,180139.9166666667,121340.75,114401.75,175338.0833333333,123096.83333333334,120925.0,108327.66666666667,1065727.3333333333,807841.9166666667,688689.1666666667,653421.75,768585.75,621327.75,666900.4166666667,613964.5,2289264.8333333335,1903198.0833333333,1771130.3333333335,1702721.5833333333,1861950.666666667,1636814.8333333335,1737028.4166666665,1645360.5833333335
gc_1471,gongcha_existing,OKINAWA HANASAKI MARCHE,"「MAUNA」 OKINAWA HANASAKI MARCHE, 1421-5 Yamakawa, Motobu-cho, Kunigami-gun",26.6821891,127.8835347,FC,2022.0,4.054757015742642,500,336.992306196,31.30759622252699,,1,Suburbs SC,NP, Okinawa,沖縄県,Motobu-cho,本部町,low_density,0,1.0,1,1,1,0.0,0,0,0,0.0,0,0,0,0.0,0,0,0,1.0,1,1,1,0.0,0,0,0,gc_1527,37.08368014467901,0.0,0,0,0,0.0,0,0,0,0.0,0,0,0,0.0,0.0,0.0,0.0,0.0,0.0,0.0,0.0,0.0,0,0,0,stn_10147,50.964548276292916,0.0,0.0,0.0,0.0,0.0,0.0,0.0,0.0,0.0,0,0,0,stn_1375,602.9952778546415,0.0,0,7,10,0.0,0,0,0,0.0,0,2,2,0.0,0,0,0,145,76,126.8,4713722,5416642,914352,686407,10,6,5,8,7,6,3,3,4,5,16,0.0,2,18,42,0.0,0.0,0.0,0.0,0.0,0.0,0.0,0.0,3281.5,2828.666666666667,2417.25,2520.1666666666665,2192.75,2052.8333333333335,1503.0,1672.3333333333335,13005.71212121212,10113.29761904762,7784.208225108226,8149.133333333333,7634.883333333333,7034.8237373737375,5675.327777777778,5942.156060606061,19391.295454545456,16024.730086580086,13349.896103896104,13694.240476190476,15131.677777777775,14163.573737373736,12166.734126984127,12615.975757575758
gc_1511,gongcha_existing,Hakata MARUI,"1F, hakata MARUI, 9-1, Chuo-gai, Hakata Station, Hakata-ku Fukuoka-shi",33.588955,130.4192395,FC,2024.0,2.0752908966461328,500,731.3450049359999,67.9441449935692,,1,Urban SC,Commercial building, Fukuoka,福岡県,Hakata-ku,博多区,low_density,1,7.0,12,31,37,1.0,3,10,12,2.0,2,3,3,1.0,1,6,11,11.0,18,50,63,0.0,2,4,5,gc_1345,0.7363350351469353,0.0,2,4,5,0.0,0,0,0,3.0,7,26,35,154496.53,74880.0,274313.53,74880.0,626980.61,153016.0,774033.61,197416.0,3.0,5,23,37,stn_1500,0.16832800623575564,460926.0,504752.0,477195.0,539484.0,1133518.0,1222165.0,1359393.0,1464280.0,2.0,2,2,2,stn_9973,0.19208044464265264,4.0,34,141,243,0.0,0,2,7,0.0,2,13,18,4.0,28,68,84,227,138,175.5,4011111,7100684,1496957,780463,3,4,12,25,25,2,2,9,17,16,30,1.0,2,27,73,108065.58333333333,82307.91666666667,51417.083333333336,52728.416666666664,88021.41666666667,63421.333333333336,43947.5,43514.0,132036.5,104673.91666666667,73429.91666666667,74597.25,112401.91666666667,85205.66666666667,65460.83333333333,64402.83333333333,671126.0833333333,580441.1666666667,476856.5,480585.4166666667,593034.3333333333,521303.5833333334,470070.0,465416.0,1004810.303030303,923165.9722222222,822214.6666666667,827184.0,919808.9285714286,857881.8333333333,811101.5166666667,807008.3166666667
gc_1518,gongcha_existing,Noritakeshinmachi,"1F, AEON MALL Nagoya Noritake Garden, 3-1-17, noritakeshinmachi ,Nishi-ku, Nagoyashi, Aichi",35.1797099,136.8800797,FC,2024.0,1.8507871321013003,500,468.5627065938,43.5308811306838,,1,Suburbs SC,Shopping Center, Aichi,愛知県,Nishi-ku,西区,low_density,1,2.0,7,29,40,0.0,2,7,8,0.0,0,0,0,1.0,1,5,7,3.0,10,41,55,0.0,0,3,5,gc_1529,2.6879684828390604,0.0,0,3,5,0.0,0,0,0,1.0,6,25,35,37000.0,0.0,186150.0,0.0,382819.69999999995,36754.0,474607.57,80554.0,0.0,4,33,70,stn_9387,0.33818784630362847,0.0,0.0,852094.0,814036.0,1979155.0,1901784.0,3022893.0,2914366.0,0.0,0,1,1,stn_5746,1.0289639625867786,1.0,33,133,297,0.0,0,5,12,0.0,1,6,16,1.0,23,62,102,730,315,503.8,4923680,24264000,5705303,3785930,14,17,38,71,68,7,6,21,33,26,67,1.0,3,28,75,17172.833333333332,15287.833333333334,15144.416666666666,14649.583333333334,18626.583333333332,16286.5,15746.25,15306.75,173653.83333333334,125966.66666666666,70051.25,71258.75,140328.16666666666,97874.66666666667,64257.25,63245.75,513855.0833333333,435854.4166666666,354505.5833333334,353700.75,453939.6666666666,384457.6666666667,343931.5,336408.6666666666,1005513.3333333335,897162.4166666666,787687.3333333334,785428.25,941483.0000000001,845260.9166666667,788130.75,777200.6666666667
gc_1528,gongcha_existing,PERIE Chiba,千葉県千葉市中央区新千葉１丁目１-１,35.613038,140.1153584,FC,2024.0,1.5441478439425051,500,1742.6804259773999,161.90023961457837,47.0,1,Urban SC,Commercial building, Chiba,千葉県,Chuo-ku,中央区,low_density,1,3.0,7,10,10,3.0,3,6,7,0.0,0,0,0,1.0,1,2,6,7.0,11,18,23,0.0,0,0,0,gc_1513,9.091404330065187,0.0,0,0,0,0.0,0,0,0,1.0,4,7,13,59000.0,29384.0,151341.0,29384.0,232944.93,29384.0,380941.93,36907.0,3.0,10,21,32,stn_4866,0.15981067178741223,272506.0,268298.0,307835.0,307917.0,456123.0,457421.0,747115.0,732534.0,0.0,0,0,0,stn_7687,32.292098331662864,2.0,26,89,170,0.0,0,5,6,0.0,2,9,14,2.0,17,25,30,567,299,422.0,4955687,23186604,5975259,3903553,13,13,23,37,52,8,7,12,19,26,46,0.0,3,27,75,0.0,0.0,0.0,0.0,0.0,0.0,0.0,0.0,67989.08333333333,55391.33333333333,44590.5,44320.66666666667,59788.5,47898.66666666667,42986.58333333333,41616.08333333333,236536.75000000003,220202.74999999997,210651.0,209300.40000000002,228636.06818181818,214108.0303030303,214058.24999999997,210317.7,481397.8106060606,474963.9666666667,472519.8611111111,471097.16666666674,478956.4154040404,472810.046969697,472112.625,470305.8785714286
gc_1538,gongcha_existing,Narita Airport Terminal 1,千葉県成田市古込１-１,35.7512445,140.3944892,FC,2025.0,1.106091718001369,500,399.73023554099996,37.13613807246552,,1,Terminal,Terminal, Chiba,千葉県,Narita City,成田市,low_density,0,0.0,0,7,7,0.0,0,2,3,0.0,0,0,0,0.0,0,0,0,0.0,0,9,10,0.0,0,0,0,gc_1484,8.428539160360936,0.0,0,0,0,0.0,0,0,0,0.0,0,1,1,0.0,0.0,0.0,0.0,19800.0,0.0,19800.0,0.0,0.0,1,7,7,stn_2930,0.5556843214964629,0.0,0.0,1435.0,1492.0,87298.0,100644.0,87298.0,100644.0,0.0,0,0,0,stn_7685,55.86110058156058,0.0,0,2,10,0.0,0,0,0,0.0,0,0,0,0.0,0,0,0,0,0,0.0,0,0,0,0,0,0,0,0,0,0,0,0,0,0,0,0.0,2,26,76,0.0,0.0,0.0,0.0,0.0,0.0,0.0,0.0,2852.25,2196.75,1423.4166666666667,1431.0,2036.5,1651.5,1596.0833333333333,1469.25,60507.045454545456,50253.533333333326,34239.00634920635,35028.85281385281,28365.472222222226,25045.22121212121,23165.35252525253,22557.12626262626,97976.5303030303,84144.975,62863.84033189033,64411.30382395383,51071.14960317461,45796.47727272727,43037.73131313131,42163.030303030304
